The system is: Linux - 5.15.167.4-microsoft-standard-WSL2 - x86_64
Compiling the C compiler identification source file "CMakeCCompilerId.c" succeeded.
Compiler: /usr/bin/cc 
Build flags: 
Id flags:  

The output was:
0


Compilation of the C compiler identification source "CMakeCCompilerId.c" produced "a.out"

The C compiler identification is GNU, found in "/home/wo4mei3/micclang/llvm-project/clang/build/CMakeFiles/3.22.1/CompilerIdC/a.out"

Compiling the CXX compiler identification source file "CMakeCXXCompilerId.cpp" succeeded.
Compiler: /usr/bin/c++ 
Build flags: 
Id flags:  

The output was:
0


Compilation of the CXX compiler identification source "CMakeCXXCompilerId.cpp" produced "a.out"

The CXX compiler identification is GNU, found in "/home/wo4mei3/micclang/llvm-project/clang/build/CMakeFiles/3.22.1/CompilerIdCXX/a.out"

Checking whether the ASM compiler is GNU using "--version" matched "(GNU assembler)|(GCC)|(Free Software Foundation)":
cc (Ubuntu 11.4.0-1ubuntu1~22.04) 11.4.0
Copyright (C) 2021 Free Software Foundation, Inc.
This is free software; see the source for copying conditions.  There is NO
warranty; not even for MERCHANTABILITY or FITNESS FOR A PARTICULAR PURPOSE.

Detecting C compiler ABI info compiled with the following output:
Change Dir: /home/wo4mei3/micclang/llvm-project/clang/build/CMakeFiles/CMakeTmp

Run Build Command(s):/usr/bin/gmake -f Makefile cmTC_3df66/fast && /usr/bin/gmake  -f CMakeFiles/cmTC_3df66.dir/build.make CMakeFiles/cmTC_3df66.dir/build
gmake[1]: Entering directory '/home/wo4mei3/micclang/llvm-project/clang/build/CMakeFiles/CMakeTmp'
Building C object CMakeFiles/cmTC_3df66.dir/CMakeCCompilerABI.c.o
/usr/bin/cc   -v -o CMakeFiles/cmTC_3df66.dir/CMakeCCompilerABI.c.o -c /usr/share/cmake-3.22/Modules/CMakeCCompilerABI.c
Using built-in specs.
COLLECT_GCC=/usr/bin/cc
OFFLOAD_TARGET_NAMES=nvptx-none:amdgcn-amdhsa
OFFLOAD_TARGET_DEFAULT=1
Target: x86_64-linux-gnu
Configured with: ../src/configure -v --with-pkgversion='Ubuntu 11.4.0-1ubuntu1~22.04' --with-bugurl=file:///usr/share/doc/gcc-11/README.Bugs --enable-languages=c,ada,c++,go,brig,d,fortran,objc,obj-c++,m2 --prefix=/usr --with-gcc-major-version-only --program-suffix=-11 --program-prefix=x86_64-linux-gnu- --enable-shared --enable-linker-build-id --libexecdir=/usr/lib --without-included-gettext --enable-threads=posix --libdir=/usr/lib --enable-nls --enable-bootstrap --enable-clocale=gnu --enable-libstdcxx-debug --enable-libstdcxx-time=yes --with-default-libstdcxx-abi=new --enable-gnu-unique-object --disable-vtable-verify --enable-plugin --enable-default-pie --with-system-zlib --enable-libphobos-checking=release --with-target-system-zlib=auto --enable-objc-gc=auto --enable-multiarch --disable-werror --enable-cet --with-arch-32=i686 --with-abi=m64 --with-multilib-list=m32,m64,mx32 --enable-multilib --with-tune=generic --enable-offload-targets=nvptx-none=/build/gcc-11-XeT9lY/gcc-11-11.4.0/debian/tmp-nvptx/usr,amdgcn-amdhsa=/build/gcc-11-XeT9lY/gcc-11-11.4.0/debian/tmp-gcn/usr --without-cuda-driver --enable-checking=release --build=x86_64-linux-gnu --host=x86_64-linux-gnu --target=x86_64-linux-gnu --with-build-config=bootstrap-lto-lean --enable-link-serialization=2
Thread model: posix
Supported LTO compression algorithms: zlib zstd
gcc version 11.4.0 (Ubuntu 11.4.0-1ubuntu1~22.04) 
COLLECT_GCC_OPTIONS='-v' '-o' 'CMakeFiles/cmTC_3df66.dir/CMakeCCompilerABI.c.o' '-c' '-mtune=generic' '-march=x86-64' '-dumpdir' 'CMakeFiles/cmTC_3df66.dir/'
 /usr/lib/gcc/x86_64-linux-gnu/11/cc1 -quiet -v -imultiarch x86_64-linux-gnu /usr/share/cmake-3.22/Modules/CMakeCCompilerABI.c -quiet -dumpdir CMakeFiles/cmTC_3df66.dir/ -dumpbase CMakeCCompilerABI.c.c -dumpbase-ext .c -mtune=generic -march=x86-64 -version -fasynchronous-unwind-tables -fstack-protector-strong -Wformat -Wformat-security -fstack-clash-protection -fcf-protection -o /tmp/ccO5kZKs.s
GNU C17 (Ubuntu 11.4.0-1ubuntu1~22.04) version 11.4.0 (x86_64-linux-gnu)
	compiled by GNU C version 11.4.0, GMP version 6.2.1, MPFR version 4.1.0, MPC version 1.2.1, isl version isl-0.24-GMP

GGC heuristics: --param ggc-min-expand=100 --param ggc-min-heapsize=131072
ignoring nonexistent directory "/usr/local/include/x86_64-linux-gnu"
ignoring nonexistent directory "/usr/lib/gcc/x86_64-linux-gnu/11/include-fixed"
ignoring nonexistent directory "/usr/lib/gcc/x86_64-linux-gnu/11/../../../../x86_64-linux-gnu/include"
#include "..." search starts here:
#include <...> search starts here:
 /usr/lib/gcc/x86_64-linux-gnu/11/include
 /usr/local/include
 /usr/include/x86_64-linux-gnu
 /usr/include
End of search list.
GNU C17 (Ubuntu 11.4.0-1ubuntu1~22.04) version 11.4.0 (x86_64-linux-gnu)
	compiled by GNU C version 11.4.0, GMP version 6.2.1, MPFR version 4.1.0, MPC version 1.2.1, isl version isl-0.24-GMP

GGC heuristics: --param ggc-min-expand=100 --param ggc-min-heapsize=131072
Compiler executable checksum: 50eaa2331df977b8016186198deb2d18
COLLECT_GCC_OPTIONS='-v' '-o' 'CMakeFiles/cmTC_3df66.dir/CMakeCCompilerABI.c.o' '-c' '-mtune=generic' '-march=x86-64' '-dumpdir' 'CMakeFiles/cmTC_3df66.dir/'
 as -v --64 -o CMakeFiles/cmTC_3df66.dir/CMakeCCompilerABI.c.o /tmp/ccO5kZKs.s
GNU assembler version 2.38 (x86_64-linux-gnu) using BFD version (GNU Binutils for Ubuntu) 2.38
COMPILER_PATH=/usr/lib/gcc/x86_64-linux-gnu/11/:/usr/lib/gcc/x86_64-linux-gnu/11/:/usr/lib/gcc/x86_64-linux-gnu/:/usr/lib/gcc/x86_64-linux-gnu/11/:/usr/lib/gcc/x86_64-linux-gnu/
LIBRARY_PATH=/usr/lib/gcc/x86_64-linux-gnu/11/:/usr/lib/gcc/x86_64-linux-gnu/11/../../../x86_64-linux-gnu/:/usr/lib/gcc/x86_64-linux-gnu/11/../../../../lib/:/lib/x86_64-linux-gnu/:/lib/../lib/:/usr/lib/x86_64-linux-gnu/:/usr/lib/../lib/:/usr/lib/gcc/x86_64-linux-gnu/11/../../../:/lib/:/usr/lib/
COLLECT_GCC_OPTIONS='-v' '-o' 'CMakeFiles/cmTC_3df66.dir/CMakeCCompilerABI.c.o' '-c' '-mtune=generic' '-march=x86-64' '-dumpdir' 'CMakeFiles/cmTC_3df66.dir/CMakeCCompilerABI.c.'
Linking C executable cmTC_3df66
/usr/bin/cmake -E cmake_link_script CMakeFiles/cmTC_3df66.dir/link.txt --verbose=1
/usr/bin/cc  -v CMakeFiles/cmTC_3df66.dir/CMakeCCompilerABI.c.o -o cmTC_3df66 
Using built-in specs.
COLLECT_GCC=/usr/bin/cc
COLLECT_LTO_WRAPPER=/usr/lib/gcc/x86_64-linux-gnu/11/lto-wrapper
OFFLOAD_TARGET_NAMES=nvptx-none:amdgcn-amdhsa
OFFLOAD_TARGET_DEFAULT=1
Target: x86_64-linux-gnu
Configured with: ../src/configure -v --with-pkgversion='Ubuntu 11.4.0-1ubuntu1~22.04' --with-bugurl=file:///usr/share/doc/gcc-11/README.Bugs --enable-languages=c,ada,c++,go,brig,d,fortran,objc,obj-c++,m2 --prefix=/usr --with-gcc-major-version-only --program-suffix=-11 --program-prefix=x86_64-linux-gnu- --enable-shared --enable-linker-build-id --libexecdir=/usr/lib --without-included-gettext --enable-threads=posix --libdir=/usr/lib --enable-nls --enable-bootstrap --enable-clocale=gnu --enable-libstdcxx-debug --enable-libstdcxx-time=yes --with-default-libstdcxx-abi=new --enable-gnu-unique-object --disable-vtable-verify --enable-plugin --enable-default-pie --with-system-zlib --enable-libphobos-checking=release --with-target-system-zlib=auto --enable-objc-gc=auto --enable-multiarch --disable-werror --enable-cet --with-arch-32=i686 --with-abi=m64 --with-multilib-list=m32,m64,mx32 --enable-multilib --with-tune=generic --enable-offload-targets=nvptx-none=/build/gcc-11-XeT9lY/gcc-11-11.4.0/debian/tmp-nvptx/usr,amdgcn-amdhsa=/build/gcc-11-XeT9lY/gcc-11-11.4.0/debian/tmp-gcn/usr --without-cuda-driver --enable-checking=release --build=x86_64-linux-gnu --host=x86_64-linux-gnu --target=x86_64-linux-gnu --with-build-config=bootstrap-lto-lean --enable-link-serialization=2
Thread model: posix
Supported LTO compression algorithms: zlib zstd
gcc version 11.4.0 (Ubuntu 11.4.0-1ubuntu1~22.04) 
COMPILER_PATH=/usr/lib/gcc/x86_64-linux-gnu/11/:/usr/lib/gcc/x86_64-linux-gnu/11/:/usr/lib/gcc/x86_64-linux-gnu/:/usr/lib/gcc/x86_64-linux-gnu/11/:/usr/lib/gcc/x86_64-linux-gnu/
LIBRARY_PATH=/usr/lib/gcc/x86_64-linux-gnu/11/:/usr/lib/gcc/x86_64-linux-gnu/11/../../../x86_64-linux-gnu/:/usr/lib/gcc/x86_64-linux-gnu/11/../../../../lib/:/lib/x86_64-linux-gnu/:/lib/../lib/:/usr/lib/x86_64-linux-gnu/:/usr/lib/../lib/:/usr/lib/gcc/x86_64-linux-gnu/11/../../../:/lib/:/usr/lib/
COLLECT_GCC_OPTIONS='-v' '-o' 'cmTC_3df66' '-mtune=generic' '-march=x86-64' '-dumpdir' 'cmTC_3df66.'
 /usr/lib/gcc/x86_64-linux-gnu/11/collect2 -plugin /usr/lib/gcc/x86_64-linux-gnu/11/liblto_plugin.so -plugin-opt=/usr/lib/gcc/x86_64-linux-gnu/11/lto-wrapper -plugin-opt=-fresolution=/tmp/ccakXyu3.res -plugin-opt=-pass-through=-lgcc -plugin-opt=-pass-through=-lgcc_s -plugin-opt=-pass-through=-lc -plugin-opt=-pass-through=-lgcc -plugin-opt=-pass-through=-lgcc_s --build-id --eh-frame-hdr -m elf_x86_64 --hash-style=gnu --as-needed -dynamic-linker /lib64/ld-linux-x86-64.so.2 -pie -z now -z relro -o cmTC_3df66 /usr/lib/gcc/x86_64-linux-gnu/11/../../../x86_64-linux-gnu/Scrt1.o /usr/lib/gcc/x86_64-linux-gnu/11/../../../x86_64-linux-gnu/crti.o /usr/lib/gcc/x86_64-linux-gnu/11/crtbeginS.o -L/usr/lib/gcc/x86_64-linux-gnu/11 -L/usr/lib/gcc/x86_64-linux-gnu/11/../../../x86_64-linux-gnu -L/usr/lib/gcc/x86_64-linux-gnu/11/../../../../lib -L/lib/x86_64-linux-gnu -L/lib/../lib -L/usr/lib/x86_64-linux-gnu -L/usr/lib/../lib -L/usr/lib/gcc/x86_64-linux-gnu/11/../../.. CMakeFiles/cmTC_3df66.dir/CMakeCCompilerABI.c.o -lgcc --push-state --as-needed -lgcc_s --pop-state -lc -lgcc --push-state --as-needed -lgcc_s --pop-state /usr/lib/gcc/x86_64-linux-gnu/11/crtendS.o /usr/lib/gcc/x86_64-linux-gnu/11/../../../x86_64-linux-gnu/crtn.o
COLLECT_GCC_OPTIONS='-v' '-o' 'cmTC_3df66' '-mtune=generic' '-march=x86-64' '-dumpdir' 'cmTC_3df66.'
gmake[1]: Leaving directory '/home/wo4mei3/micclang/llvm-project/clang/build/CMakeFiles/CMakeTmp'



Parsed C implicit include dir info from above output: rv=done
  found start of include info
  found start of implicit include info
    add: [/usr/lib/gcc/x86_64-linux-gnu/11/include]
    add: [/usr/local/include]
    add: [/usr/include/x86_64-linux-gnu]
    add: [/usr/include]
  end of search list found
  collapse include dir [/usr/lib/gcc/x86_64-linux-gnu/11/include] ==> [/usr/lib/gcc/x86_64-linux-gnu/11/include]
  collapse include dir [/usr/local/include] ==> [/usr/local/include]
  collapse include dir [/usr/include/x86_64-linux-gnu] ==> [/usr/include/x86_64-linux-gnu]
  collapse include dir [/usr/include] ==> [/usr/include]
  implicit include dirs: [/usr/lib/gcc/x86_64-linux-gnu/11/include;/usr/local/include;/usr/include/x86_64-linux-gnu;/usr/include]


Parsed C implicit link information from above output:
  link line regex: [^( *|.*[/\])(ld|CMAKE_LINK_STARTFILE-NOTFOUND|([^/\]+-)?ld|collect2)[^/\]*( |$)]
  ignore line: [Change Dir: /home/wo4mei3/micclang/llvm-project/clang/build/CMakeFiles/CMakeTmp]
  ignore line: []
  ignore line: [Run Build Command(s):/usr/bin/gmake -f Makefile cmTC_3df66/fast && /usr/bin/gmake  -f CMakeFiles/cmTC_3df66.dir/build.make CMakeFiles/cmTC_3df66.dir/build]
  ignore line: [gmake[1]: Entering directory '/home/wo4mei3/micclang/llvm-project/clang/build/CMakeFiles/CMakeTmp']
  ignore line: [Building C object CMakeFiles/cmTC_3df66.dir/CMakeCCompilerABI.c.o]
  ignore line: [/usr/bin/cc   -v -o CMakeFiles/cmTC_3df66.dir/CMakeCCompilerABI.c.o -c /usr/share/cmake-3.22/Modules/CMakeCCompilerABI.c]
  ignore line: [Using built-in specs.]
  ignore line: [COLLECT_GCC=/usr/bin/cc]
  ignore line: [OFFLOAD_TARGET_NAMES=nvptx-none:amdgcn-amdhsa]
  ignore line: [OFFLOAD_TARGET_DEFAULT=1]
  ignore line: [Target: x86_64-linux-gnu]
  ignore line: [Configured with: ../src/configure -v --with-pkgversion='Ubuntu 11.4.0-1ubuntu1~22.04' --with-bugurl=file:///usr/share/doc/gcc-11/README.Bugs --enable-languages=c ada c++ go brig d fortran objc obj-c++ m2 --prefix=/usr --with-gcc-major-version-only --program-suffix=-11 --program-prefix=x86_64-linux-gnu- --enable-shared --enable-linker-build-id --libexecdir=/usr/lib --without-included-gettext --enable-threads=posix --libdir=/usr/lib --enable-nls --enable-bootstrap --enable-clocale=gnu --enable-libstdcxx-debug --enable-libstdcxx-time=yes --with-default-libstdcxx-abi=new --enable-gnu-unique-object --disable-vtable-verify --enable-plugin --enable-default-pie --with-system-zlib --enable-libphobos-checking=release --with-target-system-zlib=auto --enable-objc-gc=auto --enable-multiarch --disable-werror --enable-cet --with-arch-32=i686 --with-abi=m64 --with-multilib-list=m32 m64 mx32 --enable-multilib --with-tune=generic --enable-offload-targets=nvptx-none=/build/gcc-11-XeT9lY/gcc-11-11.4.0/debian/tmp-nvptx/usr amdgcn-amdhsa=/build/gcc-11-XeT9lY/gcc-11-11.4.0/debian/tmp-gcn/usr --without-cuda-driver --enable-checking=release --build=x86_64-linux-gnu --host=x86_64-linux-gnu --target=x86_64-linux-gnu --with-build-config=bootstrap-lto-lean --enable-link-serialization=2]
  ignore line: [Thread model: posix]
  ignore line: [Supported LTO compression algorithms: zlib zstd]
  ignore line: [gcc version 11.4.0 (Ubuntu 11.4.0-1ubuntu1~22.04) ]
  ignore line: [COLLECT_GCC_OPTIONS='-v' '-o' 'CMakeFiles/cmTC_3df66.dir/CMakeCCompilerABI.c.o' '-c' '-mtune=generic' '-march=x86-64' '-dumpdir' 'CMakeFiles/cmTC_3df66.dir/']
  ignore line: [ /usr/lib/gcc/x86_64-linux-gnu/11/cc1 -quiet -v -imultiarch x86_64-linux-gnu /usr/share/cmake-3.22/Modules/CMakeCCompilerABI.c -quiet -dumpdir CMakeFiles/cmTC_3df66.dir/ -dumpbase CMakeCCompilerABI.c.c -dumpbase-ext .c -mtune=generic -march=x86-64 -version -fasynchronous-unwind-tables -fstack-protector-strong -Wformat -Wformat-security -fstack-clash-protection -fcf-protection -o /tmp/ccO5kZKs.s]
  ignore line: [GNU C17 (Ubuntu 11.4.0-1ubuntu1~22.04) version 11.4.0 (x86_64-linux-gnu)]
  ignore line: [	compiled by GNU C version 11.4.0  GMP version 6.2.1  MPFR version 4.1.0  MPC version 1.2.1  isl version isl-0.24-GMP]
  ignore line: []
  ignore line: [GGC heuristics: --param ggc-min-expand=100 --param ggc-min-heapsize=131072]
  ignore line: [ignoring nonexistent directory "/usr/local/include/x86_64-linux-gnu"]
  ignore line: [ignoring nonexistent directory "/usr/lib/gcc/x86_64-linux-gnu/11/include-fixed"]
  ignore line: [ignoring nonexistent directory "/usr/lib/gcc/x86_64-linux-gnu/11/../../../../x86_64-linux-gnu/include"]
  ignore line: [#include "..." search starts here:]
  ignore line: [#include <...> search starts here:]
  ignore line: [ /usr/lib/gcc/x86_64-linux-gnu/11/include]
  ignore line: [ /usr/local/include]
  ignore line: [ /usr/include/x86_64-linux-gnu]
  ignore line: [ /usr/include]
  ignore line: [End of search list.]
  ignore line: [GNU C17 (Ubuntu 11.4.0-1ubuntu1~22.04) version 11.4.0 (x86_64-linux-gnu)]
  ignore line: [	compiled by GNU C version 11.4.0  GMP version 6.2.1  MPFR version 4.1.0  MPC version 1.2.1  isl version isl-0.24-GMP]
  ignore line: []
  ignore line: [GGC heuristics: --param ggc-min-expand=100 --param ggc-min-heapsize=131072]
  ignore line: [Compiler executable checksum: 50eaa2331df977b8016186198deb2d18]
  ignore line: [COLLECT_GCC_OPTIONS='-v' '-o' 'CMakeFiles/cmTC_3df66.dir/CMakeCCompilerABI.c.o' '-c' '-mtune=generic' '-march=x86-64' '-dumpdir' 'CMakeFiles/cmTC_3df66.dir/']
  ignore line: [ as -v --64 -o CMakeFiles/cmTC_3df66.dir/CMakeCCompilerABI.c.o /tmp/ccO5kZKs.s]
  ignore line: [GNU assembler version 2.38 (x86_64-linux-gnu) using BFD version (GNU Binutils for Ubuntu) 2.38]
  ignore line: [COMPILER_PATH=/usr/lib/gcc/x86_64-linux-gnu/11/:/usr/lib/gcc/x86_64-linux-gnu/11/:/usr/lib/gcc/x86_64-linux-gnu/:/usr/lib/gcc/x86_64-linux-gnu/11/:/usr/lib/gcc/x86_64-linux-gnu/]
  ignore line: [LIBRARY_PATH=/usr/lib/gcc/x86_64-linux-gnu/11/:/usr/lib/gcc/x86_64-linux-gnu/11/../../../x86_64-linux-gnu/:/usr/lib/gcc/x86_64-linux-gnu/11/../../../../lib/:/lib/x86_64-linux-gnu/:/lib/../lib/:/usr/lib/x86_64-linux-gnu/:/usr/lib/../lib/:/usr/lib/gcc/x86_64-linux-gnu/11/../../../:/lib/:/usr/lib/]
  ignore line: [COLLECT_GCC_OPTIONS='-v' '-o' 'CMakeFiles/cmTC_3df66.dir/CMakeCCompilerABI.c.o' '-c' '-mtune=generic' '-march=x86-64' '-dumpdir' 'CMakeFiles/cmTC_3df66.dir/CMakeCCompilerABI.c.']
  ignore line: [Linking C executable cmTC_3df66]
  ignore line: [/usr/bin/cmake -E cmake_link_script CMakeFiles/cmTC_3df66.dir/link.txt --verbose=1]
  ignore line: [/usr/bin/cc  -v CMakeFiles/cmTC_3df66.dir/CMakeCCompilerABI.c.o -o cmTC_3df66 ]
  ignore line: [Using built-in specs.]
  ignore line: [COLLECT_GCC=/usr/bin/cc]
  ignore line: [COLLECT_LTO_WRAPPER=/usr/lib/gcc/x86_64-linux-gnu/11/lto-wrapper]
  ignore line: [OFFLOAD_TARGET_NAMES=nvptx-none:amdgcn-amdhsa]
  ignore line: [OFFLOAD_TARGET_DEFAULT=1]
  ignore line: [Target: x86_64-linux-gnu]
  ignore line: [Configured with: ../src/configure -v --with-pkgversion='Ubuntu 11.4.0-1ubuntu1~22.04' --with-bugurl=file:///usr/share/doc/gcc-11/README.Bugs --enable-languages=c ada c++ go brig d fortran objc obj-c++ m2 --prefix=/usr --with-gcc-major-version-only --program-suffix=-11 --program-prefix=x86_64-linux-gnu- --enable-shared --enable-linker-build-id --libexecdir=/usr/lib --without-included-gettext --enable-threads=posix --libdir=/usr/lib --enable-nls --enable-bootstrap --enable-clocale=gnu --enable-libstdcxx-debug --enable-libstdcxx-time=yes --with-default-libstdcxx-abi=new --enable-gnu-unique-object --disable-vtable-verify --enable-plugin --enable-default-pie --with-system-zlib --enable-libphobos-checking=release --with-target-system-zlib=auto --enable-objc-gc=auto --enable-multiarch --disable-werror --enable-cet --with-arch-32=i686 --with-abi=m64 --with-multilib-list=m32 m64 mx32 --enable-multilib --with-tune=generic --enable-offload-targets=nvptx-none=/build/gcc-11-XeT9lY/gcc-11-11.4.0/debian/tmp-nvptx/usr amdgcn-amdhsa=/build/gcc-11-XeT9lY/gcc-11-11.4.0/debian/tmp-gcn/usr --without-cuda-driver --enable-checking=release --build=x86_64-linux-gnu --host=x86_64-linux-gnu --target=x86_64-linux-gnu --with-build-config=bootstrap-lto-lean --enable-link-serialization=2]
  ignore line: [Thread model: posix]
  ignore line: [Supported LTO compression algorithms: zlib zstd]
  ignore line: [gcc version 11.4.0 (Ubuntu 11.4.0-1ubuntu1~22.04) ]
  ignore line: [COMPILER_PATH=/usr/lib/gcc/x86_64-linux-gnu/11/:/usr/lib/gcc/x86_64-linux-gnu/11/:/usr/lib/gcc/x86_64-linux-gnu/:/usr/lib/gcc/x86_64-linux-gnu/11/:/usr/lib/gcc/x86_64-linux-gnu/]
  ignore line: [LIBRARY_PATH=/usr/lib/gcc/x86_64-linux-gnu/11/:/usr/lib/gcc/x86_64-linux-gnu/11/../../../x86_64-linux-gnu/:/usr/lib/gcc/x86_64-linux-gnu/11/../../../../lib/:/lib/x86_64-linux-gnu/:/lib/../lib/:/usr/lib/x86_64-linux-gnu/:/usr/lib/../lib/:/usr/lib/gcc/x86_64-linux-gnu/11/../../../:/lib/:/usr/lib/]
  ignore line: [COLLECT_GCC_OPTIONS='-v' '-o' 'cmTC_3df66' '-mtune=generic' '-march=x86-64' '-dumpdir' 'cmTC_3df66.']
  link line: [ /usr/lib/gcc/x86_64-linux-gnu/11/collect2 -plugin /usr/lib/gcc/x86_64-linux-gnu/11/liblto_plugin.so -plugin-opt=/usr/lib/gcc/x86_64-linux-gnu/11/lto-wrapper -plugin-opt=-fresolution=/tmp/ccakXyu3.res -plugin-opt=-pass-through=-lgcc -plugin-opt=-pass-through=-lgcc_s -plugin-opt=-pass-through=-lc -plugin-opt=-pass-through=-lgcc -plugin-opt=-pass-through=-lgcc_s --build-id --eh-frame-hdr -m elf_x86_64 --hash-style=gnu --as-needed -dynamic-linker /lib64/ld-linux-x86-64.so.2 -pie -z now -z relro -o cmTC_3df66 /usr/lib/gcc/x86_64-linux-gnu/11/../../../x86_64-linux-gnu/Scrt1.o /usr/lib/gcc/x86_64-linux-gnu/11/../../../x86_64-linux-gnu/crti.o /usr/lib/gcc/x86_64-linux-gnu/11/crtbeginS.o -L/usr/lib/gcc/x86_64-linux-gnu/11 -L/usr/lib/gcc/x86_64-linux-gnu/11/../../../x86_64-linux-gnu -L/usr/lib/gcc/x86_64-linux-gnu/11/../../../../lib -L/lib/x86_64-linux-gnu -L/lib/../lib -L/usr/lib/x86_64-linux-gnu -L/usr/lib/../lib -L/usr/lib/gcc/x86_64-linux-gnu/11/../../.. CMakeFiles/cmTC_3df66.dir/CMakeCCompilerABI.c.o -lgcc --push-state --as-needed -lgcc_s --pop-state -lc -lgcc --push-state --as-needed -lgcc_s --pop-state /usr/lib/gcc/x86_64-linux-gnu/11/crtendS.o /usr/lib/gcc/x86_64-linux-gnu/11/../../../x86_64-linux-gnu/crtn.o]
    arg [/usr/lib/gcc/x86_64-linux-gnu/11/collect2] ==> ignore
    arg [-plugin] ==> ignore
    arg [/usr/lib/gcc/x86_64-linux-gnu/11/liblto_plugin.so] ==> ignore
    arg [-plugin-opt=/usr/lib/gcc/x86_64-linux-gnu/11/lto-wrapper] ==> ignore
    arg [-plugin-opt=-fresolution=/tmp/ccakXyu3.res] ==> ignore
    arg [-plugin-opt=-pass-through=-lgcc] ==> ignore
    arg [-plugin-opt=-pass-through=-lgcc_s] ==> ignore
    arg [-plugin-opt=-pass-through=-lc] ==> ignore
    arg [-plugin-opt=-pass-through=-lgcc] ==> ignore
    arg [-plugin-opt=-pass-through=-lgcc_s] ==> ignore
    arg [--build-id] ==> ignore
    arg [--eh-frame-hdr] ==> ignore
    arg [-m] ==> ignore
    arg [elf_x86_64] ==> ignore
    arg [--hash-style=gnu] ==> ignore
    arg [--as-needed] ==> ignore
    arg [-dynamic-linker] ==> ignore
    arg [/lib64/ld-linux-x86-64.so.2] ==> ignore
    arg [-pie] ==> ignore
    arg [-znow] ==> ignore
    arg [-zrelro] ==> ignore
    arg [-o] ==> ignore
    arg [cmTC_3df66] ==> ignore
    arg [/usr/lib/gcc/x86_64-linux-gnu/11/../../../x86_64-linux-gnu/Scrt1.o] ==> obj [/usr/lib/gcc/x86_64-linux-gnu/11/../../../x86_64-linux-gnu/Scrt1.o]
    arg [/usr/lib/gcc/x86_64-linux-gnu/11/../../../x86_64-linux-gnu/crti.o] ==> obj [/usr/lib/gcc/x86_64-linux-gnu/11/../../../x86_64-linux-gnu/crti.o]
    arg [/usr/lib/gcc/x86_64-linux-gnu/11/crtbeginS.o] ==> obj [/usr/lib/gcc/x86_64-linux-gnu/11/crtbeginS.o]
    arg [-L/usr/lib/gcc/x86_64-linux-gnu/11] ==> dir [/usr/lib/gcc/x86_64-linux-gnu/11]
    arg [-L/usr/lib/gcc/x86_64-linux-gnu/11/../../../x86_64-linux-gnu] ==> dir [/usr/lib/gcc/x86_64-linux-gnu/11/../../../x86_64-linux-gnu]
    arg [-L/usr/lib/gcc/x86_64-linux-gnu/11/../../../../lib] ==> dir [/usr/lib/gcc/x86_64-linux-gnu/11/../../../../lib]
    arg [-L/lib/x86_64-linux-gnu] ==> dir [/lib/x86_64-linux-gnu]
    arg [-L/lib/../lib] ==> dir [/lib/../lib]
    arg [-L/usr/lib/x86_64-linux-gnu] ==> dir [/usr/lib/x86_64-linux-gnu]
    arg [-L/usr/lib/../lib] ==> dir [/usr/lib/../lib]
    arg [-L/usr/lib/gcc/x86_64-linux-gnu/11/../../..] ==> dir [/usr/lib/gcc/x86_64-linux-gnu/11/../../..]
    arg [CMakeFiles/cmTC_3df66.dir/CMakeCCompilerABI.c.o] ==> ignore
    arg [-lgcc] ==> lib [gcc]
    arg [--push-state] ==> ignore
    arg [--as-needed] ==> ignore
    arg [-lgcc_s] ==> lib [gcc_s]
    arg [--pop-state] ==> ignore
    arg [-lc] ==> lib [c]
    arg [-lgcc] ==> lib [gcc]
    arg [--push-state] ==> ignore
    arg [--as-needed] ==> ignore
    arg [-lgcc_s] ==> lib [gcc_s]
    arg [--pop-state] ==> ignore
    arg [/usr/lib/gcc/x86_64-linux-gnu/11/crtendS.o] ==> obj [/usr/lib/gcc/x86_64-linux-gnu/11/crtendS.o]
    arg [/usr/lib/gcc/x86_64-linux-gnu/11/../../../x86_64-linux-gnu/crtn.o] ==> obj [/usr/lib/gcc/x86_64-linux-gnu/11/../../../x86_64-linux-gnu/crtn.o]
  collapse obj [/usr/lib/gcc/x86_64-linux-gnu/11/../../../x86_64-linux-gnu/Scrt1.o] ==> [/usr/lib/x86_64-linux-gnu/Scrt1.o]
  collapse obj [/usr/lib/gcc/x86_64-linux-gnu/11/../../../x86_64-linux-gnu/crti.o] ==> [/usr/lib/x86_64-linux-gnu/crti.o]
  collapse obj [/usr/lib/gcc/x86_64-linux-gnu/11/../../../x86_64-linux-gnu/crtn.o] ==> [/usr/lib/x86_64-linux-gnu/crtn.o]
  collapse library dir [/usr/lib/gcc/x86_64-linux-gnu/11] ==> [/usr/lib/gcc/x86_64-linux-gnu/11]
  collapse library dir [/usr/lib/gcc/x86_64-linux-gnu/11/../../../x86_64-linux-gnu] ==> [/usr/lib/x86_64-linux-gnu]
  collapse library dir [/usr/lib/gcc/x86_64-linux-gnu/11/../../../../lib] ==> [/usr/lib]
  collapse library dir [/lib/x86_64-linux-gnu] ==> [/lib/x86_64-linux-gnu]
  collapse library dir [/lib/../lib] ==> [/lib]
  collapse library dir [/usr/lib/x86_64-linux-gnu] ==> [/usr/lib/x86_64-linux-gnu]
  collapse library dir [/usr/lib/../lib] ==> [/usr/lib]
  collapse library dir [/usr/lib/gcc/x86_64-linux-gnu/11/../../..] ==> [/usr/lib]
  implicit libs: [gcc;gcc_s;c;gcc;gcc_s]
  implicit objs: [/usr/lib/x86_64-linux-gnu/Scrt1.o;/usr/lib/x86_64-linux-gnu/crti.o;/usr/lib/gcc/x86_64-linux-gnu/11/crtbeginS.o;/usr/lib/gcc/x86_64-linux-gnu/11/crtendS.o;/usr/lib/x86_64-linux-gnu/crtn.o]
  implicit dirs: [/usr/lib/gcc/x86_64-linux-gnu/11;/usr/lib/x86_64-linux-gnu;/usr/lib;/lib/x86_64-linux-gnu;/lib]
  implicit fwks: []


Detecting CXX compiler ABI info compiled with the following output:
Change Dir: /home/wo4mei3/micclang/llvm-project/clang/build/CMakeFiles/CMakeTmp

Run Build Command(s):/usr/bin/gmake -f Makefile cmTC_b17d7/fast && /usr/bin/gmake  -f CMakeFiles/cmTC_b17d7.dir/build.make CMakeFiles/cmTC_b17d7.dir/build
gmake[1]: Entering directory '/home/wo4mei3/micclang/llvm-project/clang/build/CMakeFiles/CMakeTmp'
Building CXX object CMakeFiles/cmTC_b17d7.dir/CMakeCXXCompilerABI.cpp.o
/usr/bin/c++   -v -o CMakeFiles/cmTC_b17d7.dir/CMakeCXXCompilerABI.cpp.o -c /usr/share/cmake-3.22/Modules/CMakeCXXCompilerABI.cpp
Using built-in specs.
COLLECT_GCC=/usr/bin/c++
OFFLOAD_TARGET_NAMES=nvptx-none:amdgcn-amdhsa
OFFLOAD_TARGET_DEFAULT=1
Target: x86_64-linux-gnu
Configured with: ../src/configure -v --with-pkgversion='Ubuntu 11.4.0-1ubuntu1~22.04' --with-bugurl=file:///usr/share/doc/gcc-11/README.Bugs --enable-languages=c,ada,c++,go,brig,d,fortran,objc,obj-c++,m2 --prefix=/usr --with-gcc-major-version-only --program-suffix=-11 --program-prefix=x86_64-linux-gnu- --enable-shared --enable-linker-build-id --libexecdir=/usr/lib --without-included-gettext --enable-threads=posix --libdir=/usr/lib --enable-nls --enable-bootstrap --enable-clocale=gnu --enable-libstdcxx-debug --enable-libstdcxx-time=yes --with-default-libstdcxx-abi=new --enable-gnu-unique-object --disable-vtable-verify --enable-plugin --enable-default-pie --with-system-zlib --enable-libphobos-checking=release --with-target-system-zlib=auto --enable-objc-gc=auto --enable-multiarch --disable-werror --enable-cet --with-arch-32=i686 --with-abi=m64 --with-multilib-list=m32,m64,mx32 --enable-multilib --with-tune=generic --enable-offload-targets=nvptx-none=/build/gcc-11-XeT9lY/gcc-11-11.4.0/debian/tmp-nvptx/usr,amdgcn-amdhsa=/build/gcc-11-XeT9lY/gcc-11-11.4.0/debian/tmp-gcn/usr --without-cuda-driver --enable-checking=release --build=x86_64-linux-gnu --host=x86_64-linux-gnu --target=x86_64-linux-gnu --with-build-config=bootstrap-lto-lean --enable-link-serialization=2
Thread model: posix
Supported LTO compression algorithms: zlib zstd
gcc version 11.4.0 (Ubuntu 11.4.0-1ubuntu1~22.04) 
COLLECT_GCC_OPTIONS='-v' '-o' 'CMakeFiles/cmTC_b17d7.dir/CMakeCXXCompilerABI.cpp.o' '-c' '-shared-libgcc' '-mtune=generic' '-march=x86-64' '-dumpdir' 'CMakeFiles/cmTC_b17d7.dir/'
 /usr/lib/gcc/x86_64-linux-gnu/11/cc1plus -quiet -v -imultiarch x86_64-linux-gnu -D_GNU_SOURCE /usr/share/cmake-3.22/Modules/CMakeCXXCompilerABI.cpp -quiet -dumpdir CMakeFiles/cmTC_b17d7.dir/ -dumpbase CMakeCXXCompilerABI.cpp.cpp -dumpbase-ext .cpp -mtune=generic -march=x86-64 -version -fasynchronous-unwind-tables -fstack-protector-strong -Wformat -Wformat-security -fstack-clash-protection -fcf-protection -o /tmp/cc3Sn06p.s
GNU C++17 (Ubuntu 11.4.0-1ubuntu1~22.04) version 11.4.0 (x86_64-linux-gnu)
	compiled by GNU C version 11.4.0, GMP version 6.2.1, MPFR version 4.1.0, MPC version 1.2.1, isl version isl-0.24-GMP

GGC heuristics: --param ggc-min-expand=100 --param ggc-min-heapsize=131072
ignoring duplicate directory "/usr/include/x86_64-linux-gnu/c++/11"
ignoring nonexistent directory "/usr/local/include/x86_64-linux-gnu"
ignoring nonexistent directory "/usr/lib/gcc/x86_64-linux-gnu/11/include-fixed"
ignoring nonexistent directory "/usr/lib/gcc/x86_64-linux-gnu/11/../../../../x86_64-linux-gnu/include"
#include "..." search starts here:
#include <...> search starts here:
 /usr/include/c++/11
 /usr/include/x86_64-linux-gnu/c++/11
 /usr/include/c++/11/backward
 /usr/lib/gcc/x86_64-linux-gnu/11/include
 /usr/local/include
 /usr/include/x86_64-linux-gnu
 /usr/include
End of search list.
GNU C++17 (Ubuntu 11.4.0-1ubuntu1~22.04) version 11.4.0 (x86_64-linux-gnu)
	compiled by GNU C version 11.4.0, GMP version 6.2.1, MPFR version 4.1.0, MPC version 1.2.1, isl version isl-0.24-GMP

GGC heuristics: --param ggc-min-expand=100 --param ggc-min-heapsize=131072
Compiler executable checksum: d591828bb4d392ae8b7b160e5bb0b95f
COLLECT_GCC_OPTIONS='-v' '-o' 'CMakeFiles/cmTC_b17d7.dir/CMakeCXXCompilerABI.cpp.o' '-c' '-shared-libgcc' '-mtune=generic' '-march=x86-64' '-dumpdir' 'CMakeFiles/cmTC_b17d7.dir/'
 as -v --64 -o CMakeFiles/cmTC_b17d7.dir/CMakeCXXCompilerABI.cpp.o /tmp/cc3Sn06p.s
GNU assembler version 2.38 (x86_64-linux-gnu) using BFD version (GNU Binutils for Ubuntu) 2.38
COMPILER_PATH=/usr/lib/gcc/x86_64-linux-gnu/11/:/usr/lib/gcc/x86_64-linux-gnu/11/:/usr/lib/gcc/x86_64-linux-gnu/:/usr/lib/gcc/x86_64-linux-gnu/11/:/usr/lib/gcc/x86_64-linux-gnu/
LIBRARY_PATH=/usr/lib/gcc/x86_64-linux-gnu/11/:/usr/lib/gcc/x86_64-linux-gnu/11/../../../x86_64-linux-gnu/:/usr/lib/gcc/x86_64-linux-gnu/11/../../../../lib/:/lib/x86_64-linux-gnu/:/lib/../lib/:/usr/lib/x86_64-linux-gnu/:/usr/lib/../lib/:/usr/lib/gcc/x86_64-linux-gnu/11/../../../:/lib/:/usr/lib/
COLLECT_GCC_OPTIONS='-v' '-o' 'CMakeFiles/cmTC_b17d7.dir/CMakeCXXCompilerABI.cpp.o' '-c' '-shared-libgcc' '-mtune=generic' '-march=x86-64' '-dumpdir' 'CMakeFiles/cmTC_b17d7.dir/CMakeCXXCompilerABI.cpp.'
Linking CXX executable cmTC_b17d7
/usr/bin/cmake -E cmake_link_script CMakeFiles/cmTC_b17d7.dir/link.txt --verbose=1
/usr/bin/c++  -v CMakeFiles/cmTC_b17d7.dir/CMakeCXXCompilerABI.cpp.o -o cmTC_b17d7 
Using built-in specs.
COLLECT_GCC=/usr/bin/c++
COLLECT_LTO_WRAPPER=/usr/lib/gcc/x86_64-linux-gnu/11/lto-wrapper
OFFLOAD_TARGET_NAMES=nvptx-none:amdgcn-amdhsa
OFFLOAD_TARGET_DEFAULT=1
Target: x86_64-linux-gnu
Configured with: ../src/configure -v --with-pkgversion='Ubuntu 11.4.0-1ubuntu1~22.04' --with-bugurl=file:///usr/share/doc/gcc-11/README.Bugs --enable-languages=c,ada,c++,go,brig,d,fortran,objc,obj-c++,m2 --prefix=/usr --with-gcc-major-version-only --program-suffix=-11 --program-prefix=x86_64-linux-gnu- --enable-shared --enable-linker-build-id --libexecdir=/usr/lib --without-included-gettext --enable-threads=posix --libdir=/usr/lib --enable-nls --enable-bootstrap --enable-clocale=gnu --enable-libstdcxx-debug --enable-libstdcxx-time=yes --with-default-libstdcxx-abi=new --enable-gnu-unique-object --disable-vtable-verify --enable-plugin --enable-default-pie --with-system-zlib --enable-libphobos-checking=release --with-target-system-zlib=auto --enable-objc-gc=auto --enable-multiarch --disable-werror --enable-cet --with-arch-32=i686 --with-abi=m64 --with-multilib-list=m32,m64,mx32 --enable-multilib --with-tune=generic --enable-offload-targets=nvptx-none=/build/gcc-11-XeT9lY/gcc-11-11.4.0/debian/tmp-nvptx/usr,amdgcn-amdhsa=/build/gcc-11-XeT9lY/gcc-11-11.4.0/debian/tmp-gcn/usr --without-cuda-driver --enable-checking=release --build=x86_64-linux-gnu --host=x86_64-linux-gnu --target=x86_64-linux-gnu --with-build-config=bootstrap-lto-lean --enable-link-serialization=2
Thread model: posix
Supported LTO compression algorithms: zlib zstd
gcc version 11.4.0 (Ubuntu 11.4.0-1ubuntu1~22.04) 
COMPILER_PATH=/usr/lib/gcc/x86_64-linux-gnu/11/:/usr/lib/gcc/x86_64-linux-gnu/11/:/usr/lib/gcc/x86_64-linux-gnu/:/usr/lib/gcc/x86_64-linux-gnu/11/:/usr/lib/gcc/x86_64-linux-gnu/
LIBRARY_PATH=/usr/lib/gcc/x86_64-linux-gnu/11/:/usr/lib/gcc/x86_64-linux-gnu/11/../../../x86_64-linux-gnu/:/usr/lib/gcc/x86_64-linux-gnu/11/../../../../lib/:/lib/x86_64-linux-gnu/:/lib/../lib/:/usr/lib/x86_64-linux-gnu/:/usr/lib/../lib/:/usr/lib/gcc/x86_64-linux-gnu/11/../../../:/lib/:/usr/lib/
COLLECT_GCC_OPTIONS='-v' '-o' 'cmTC_b17d7' '-shared-libgcc' '-mtune=generic' '-march=x86-64' '-dumpdir' 'cmTC_b17d7.'
 /usr/lib/gcc/x86_64-linux-gnu/11/collect2 -plugin /usr/lib/gcc/x86_64-linux-gnu/11/liblto_plugin.so -plugin-opt=/usr/lib/gcc/x86_64-linux-gnu/11/lto-wrapper -plugin-opt=-fresolution=/tmp/ccqkdgt8.res -plugin-opt=-pass-through=-lgcc_s -plugin-opt=-pass-through=-lgcc -plugin-opt=-pass-through=-lc -plugin-opt=-pass-through=-lgcc_s -plugin-opt=-pass-through=-lgcc --build-id --eh-frame-hdr -m elf_x86_64 --hash-style=gnu --as-needed -dynamic-linker /lib64/ld-linux-x86-64.so.2 -pie -z now -z relro -o cmTC_b17d7 /usr/lib/gcc/x86_64-linux-gnu/11/../../../x86_64-linux-gnu/Scrt1.o /usr/lib/gcc/x86_64-linux-gnu/11/../../../x86_64-linux-gnu/crti.o /usr/lib/gcc/x86_64-linux-gnu/11/crtbeginS.o -L/usr/lib/gcc/x86_64-linux-gnu/11 -L/usr/lib/gcc/x86_64-linux-gnu/11/../../../x86_64-linux-gnu -L/usr/lib/gcc/x86_64-linux-gnu/11/../../../../lib -L/lib/x86_64-linux-gnu -L/lib/../lib -L/usr/lib/x86_64-linux-gnu -L/usr/lib/../lib -L/usr/lib/gcc/x86_64-linux-gnu/11/../../.. CMakeFiles/cmTC_b17d7.dir/CMakeCXXCompilerABI.cpp.o -lstdc++ -lm -lgcc_s -lgcc -lc -lgcc_s -lgcc /usr/lib/gcc/x86_64-linux-gnu/11/crtendS.o /usr/lib/gcc/x86_64-linux-gnu/11/../../../x86_64-linux-gnu/crtn.o
COLLECT_GCC_OPTIONS='-v' '-o' 'cmTC_b17d7' '-shared-libgcc' '-mtune=generic' '-march=x86-64' '-dumpdir' 'cmTC_b17d7.'
gmake[1]: Leaving directory '/home/wo4mei3/micclang/llvm-project/clang/build/CMakeFiles/CMakeTmp'



Parsed CXX implicit include dir info from above output: rv=done
  found start of include info
  found start of implicit include info
    add: [/usr/include/c++/11]
    add: [/usr/include/x86_64-linux-gnu/c++/11]
    add: [/usr/include/c++/11/backward]
    add: [/usr/lib/gcc/x86_64-linux-gnu/11/include]
    add: [/usr/local/include]
    add: [/usr/include/x86_64-linux-gnu]
    add: [/usr/include]
  end of search list found
  collapse include dir [/usr/include/c++/11] ==> [/usr/include/c++/11]
  collapse include dir [/usr/include/x86_64-linux-gnu/c++/11] ==> [/usr/include/x86_64-linux-gnu/c++/11]
  collapse include dir [/usr/include/c++/11/backward] ==> [/usr/include/c++/11/backward]
  collapse include dir [/usr/lib/gcc/x86_64-linux-gnu/11/include] ==> [/usr/lib/gcc/x86_64-linux-gnu/11/include]
  collapse include dir [/usr/local/include] ==> [/usr/local/include]
  collapse include dir [/usr/include/x86_64-linux-gnu] ==> [/usr/include/x86_64-linux-gnu]
  collapse include dir [/usr/include] ==> [/usr/include]
  implicit include dirs: [/usr/include/c++/11;/usr/include/x86_64-linux-gnu/c++/11;/usr/include/c++/11/backward;/usr/lib/gcc/x86_64-linux-gnu/11/include;/usr/local/include;/usr/include/x86_64-linux-gnu;/usr/include]


Parsed CXX implicit link information from above output:
  link line regex: [^( *|.*[/\])(ld|CMAKE_LINK_STARTFILE-NOTFOUND|([^/\]+-)?ld|collect2)[^/\]*( |$)]
  ignore line: [Change Dir: /home/wo4mei3/micclang/llvm-project/clang/build/CMakeFiles/CMakeTmp]
  ignore line: []
  ignore line: [Run Build Command(s):/usr/bin/gmake -f Makefile cmTC_b17d7/fast && /usr/bin/gmake  -f CMakeFiles/cmTC_b17d7.dir/build.make CMakeFiles/cmTC_b17d7.dir/build]
  ignore line: [gmake[1]: Entering directory '/home/wo4mei3/micclang/llvm-project/clang/build/CMakeFiles/CMakeTmp']
  ignore line: [Building CXX object CMakeFiles/cmTC_b17d7.dir/CMakeCXXCompilerABI.cpp.o]
  ignore line: [/usr/bin/c++   -v -o CMakeFiles/cmTC_b17d7.dir/CMakeCXXCompilerABI.cpp.o -c /usr/share/cmake-3.22/Modules/CMakeCXXCompilerABI.cpp]
  ignore line: [Using built-in specs.]
  ignore line: [COLLECT_GCC=/usr/bin/c++]
  ignore line: [OFFLOAD_TARGET_NAMES=nvptx-none:amdgcn-amdhsa]
  ignore line: [OFFLOAD_TARGET_DEFAULT=1]
  ignore line: [Target: x86_64-linux-gnu]
  ignore line: [Configured with: ../src/configure -v --with-pkgversion='Ubuntu 11.4.0-1ubuntu1~22.04' --with-bugurl=file:///usr/share/doc/gcc-11/README.Bugs --enable-languages=c ada c++ go brig d fortran objc obj-c++ m2 --prefix=/usr --with-gcc-major-version-only --program-suffix=-11 --program-prefix=x86_64-linux-gnu- --enable-shared --enable-linker-build-id --libexecdir=/usr/lib --without-included-gettext --enable-threads=posix --libdir=/usr/lib --enable-nls --enable-bootstrap --enable-clocale=gnu --enable-libstdcxx-debug --enable-libstdcxx-time=yes --with-default-libstdcxx-abi=new --enable-gnu-unique-object --disable-vtable-verify --enable-plugin --enable-default-pie --with-system-zlib --enable-libphobos-checking=release --with-target-system-zlib=auto --enable-objc-gc=auto --enable-multiarch --disable-werror --enable-cet --with-arch-32=i686 --with-abi=m64 --with-multilib-list=m32 m64 mx32 --enable-multilib --with-tune=generic --enable-offload-targets=nvptx-none=/build/gcc-11-XeT9lY/gcc-11-11.4.0/debian/tmp-nvptx/usr amdgcn-amdhsa=/build/gcc-11-XeT9lY/gcc-11-11.4.0/debian/tmp-gcn/usr --without-cuda-driver --enable-checking=release --build=x86_64-linux-gnu --host=x86_64-linux-gnu --target=x86_64-linux-gnu --with-build-config=bootstrap-lto-lean --enable-link-serialization=2]
  ignore line: [Thread model: posix]
  ignore line: [Supported LTO compression algorithms: zlib zstd]
  ignore line: [gcc version 11.4.0 (Ubuntu 11.4.0-1ubuntu1~22.04) ]
  ignore line: [COLLECT_GCC_OPTIONS='-v' '-o' 'CMakeFiles/cmTC_b17d7.dir/CMakeCXXCompilerABI.cpp.o' '-c' '-shared-libgcc' '-mtune=generic' '-march=x86-64' '-dumpdir' 'CMakeFiles/cmTC_b17d7.dir/']
  ignore line: [ /usr/lib/gcc/x86_64-linux-gnu/11/cc1plus -quiet -v -imultiarch x86_64-linux-gnu -D_GNU_SOURCE /usr/share/cmake-3.22/Modules/CMakeCXXCompilerABI.cpp -quiet -dumpdir CMakeFiles/cmTC_b17d7.dir/ -dumpbase CMakeCXXCompilerABI.cpp.cpp -dumpbase-ext .cpp -mtune=generic -march=x86-64 -version -fasynchronous-unwind-tables -fstack-protector-strong -Wformat -Wformat-security -fstack-clash-protection -fcf-protection -o /tmp/cc3Sn06p.s]
  ignore line: [GNU C++17 (Ubuntu 11.4.0-1ubuntu1~22.04) version 11.4.0 (x86_64-linux-gnu)]
  ignore line: [	compiled by GNU C version 11.4.0  GMP version 6.2.1  MPFR version 4.1.0  MPC version 1.2.1  isl version isl-0.24-GMP]
  ignore line: []
  ignore line: [GGC heuristics: --param ggc-min-expand=100 --param ggc-min-heapsize=131072]
  ignore line: [ignoring duplicate directory "/usr/include/x86_64-linux-gnu/c++/11"]
  ignore line: [ignoring nonexistent directory "/usr/local/include/x86_64-linux-gnu"]
  ignore line: [ignoring nonexistent directory "/usr/lib/gcc/x86_64-linux-gnu/11/include-fixed"]
  ignore line: [ignoring nonexistent directory "/usr/lib/gcc/x86_64-linux-gnu/11/../../../../x86_64-linux-gnu/include"]
  ignore line: [#include "..." search starts here:]
  ignore line: [#include <...> search starts here:]
  ignore line: [ /usr/include/c++/11]
  ignore line: [ /usr/include/x86_64-linux-gnu/c++/11]
  ignore line: [ /usr/include/c++/11/backward]
  ignore line: [ /usr/lib/gcc/x86_64-linux-gnu/11/include]
  ignore line: [ /usr/local/include]
  ignore line: [ /usr/include/x86_64-linux-gnu]
  ignore line: [ /usr/include]
  ignore line: [End of search list.]
  ignore line: [GNU C++17 (Ubuntu 11.4.0-1ubuntu1~22.04) version 11.4.0 (x86_64-linux-gnu)]
  ignore line: [	compiled by GNU C version 11.4.0  GMP version 6.2.1  MPFR version 4.1.0  MPC version 1.2.1  isl version isl-0.24-GMP]
  ignore line: []
  ignore line: [GGC heuristics: --param ggc-min-expand=100 --param ggc-min-heapsize=131072]
  ignore line: [Compiler executable checksum: d591828bb4d392ae8b7b160e5bb0b95f]
  ignore line: [COLLECT_GCC_OPTIONS='-v' '-o' 'CMakeFiles/cmTC_b17d7.dir/CMakeCXXCompilerABI.cpp.o' '-c' '-shared-libgcc' '-mtune=generic' '-march=x86-64' '-dumpdir' 'CMakeFiles/cmTC_b17d7.dir/']
  ignore line: [ as -v --64 -o CMakeFiles/cmTC_b17d7.dir/CMakeCXXCompilerABI.cpp.o /tmp/cc3Sn06p.s]
  ignore line: [GNU assembler version 2.38 (x86_64-linux-gnu) using BFD version (GNU Binutils for Ubuntu) 2.38]
  ignore line: [COMPILER_PATH=/usr/lib/gcc/x86_64-linux-gnu/11/:/usr/lib/gcc/x86_64-linux-gnu/11/:/usr/lib/gcc/x86_64-linux-gnu/:/usr/lib/gcc/x86_64-linux-gnu/11/:/usr/lib/gcc/x86_64-linux-gnu/]
  ignore line: [LIBRARY_PATH=/usr/lib/gcc/x86_64-linux-gnu/11/:/usr/lib/gcc/x86_64-linux-gnu/11/../../../x86_64-linux-gnu/:/usr/lib/gcc/x86_64-linux-gnu/11/../../../../lib/:/lib/x86_64-linux-gnu/:/lib/../lib/:/usr/lib/x86_64-linux-gnu/:/usr/lib/../lib/:/usr/lib/gcc/x86_64-linux-gnu/11/../../../:/lib/:/usr/lib/]
  ignore line: [COLLECT_GCC_OPTIONS='-v' '-o' 'CMakeFiles/cmTC_b17d7.dir/CMakeCXXCompilerABI.cpp.o' '-c' '-shared-libgcc' '-mtune=generic' '-march=x86-64' '-dumpdir' 'CMakeFiles/cmTC_b17d7.dir/CMakeCXXCompilerABI.cpp.']
  ignore line: [Linking CXX executable cmTC_b17d7]
  ignore line: [/usr/bin/cmake -E cmake_link_script CMakeFiles/cmTC_b17d7.dir/link.txt --verbose=1]
  ignore line: [/usr/bin/c++  -v CMakeFiles/cmTC_b17d7.dir/CMakeCXXCompilerABI.cpp.o -o cmTC_b17d7 ]
  ignore line: [Using built-in specs.]
  ignore line: [COLLECT_GCC=/usr/bin/c++]
  ignore line: [COLLECT_LTO_WRAPPER=/usr/lib/gcc/x86_64-linux-gnu/11/lto-wrapper]
  ignore line: [OFFLOAD_TARGET_NAMES=nvptx-none:amdgcn-amdhsa]
  ignore line: [OFFLOAD_TARGET_DEFAULT=1]
  ignore line: [Target: x86_64-linux-gnu]
  ignore line: [Configured with: ../src/configure -v --with-pkgversion='Ubuntu 11.4.0-1ubuntu1~22.04' --with-bugurl=file:///usr/share/doc/gcc-11/README.Bugs --enable-languages=c ada c++ go brig d fortran objc obj-c++ m2 --prefix=/usr --with-gcc-major-version-only --program-suffix=-11 --program-prefix=x86_64-linux-gnu- --enable-shared --enable-linker-build-id --libexecdir=/usr/lib --without-included-gettext --enable-threads=posix --libdir=/usr/lib --enable-nls --enable-bootstrap --enable-clocale=gnu --enable-libstdcxx-debug --enable-libstdcxx-time=yes --with-default-libstdcxx-abi=new --enable-gnu-unique-object --disable-vtable-verify --enable-plugin --enable-default-pie --with-system-zlib --enable-libphobos-checking=release --with-target-system-zlib=auto --enable-objc-gc=auto --enable-multiarch --disable-werror --enable-cet --with-arch-32=i686 --with-abi=m64 --with-multilib-list=m32 m64 mx32 --enable-multilib --with-tune=generic --enable-offload-targets=nvptx-none=/build/gcc-11-XeT9lY/gcc-11-11.4.0/debian/tmp-nvptx/usr amdgcn-amdhsa=/build/gcc-11-XeT9lY/gcc-11-11.4.0/debian/tmp-gcn/usr --without-cuda-driver --enable-checking=release --build=x86_64-linux-gnu --host=x86_64-linux-gnu --target=x86_64-linux-gnu --with-build-config=bootstrap-lto-lean --enable-link-serialization=2]
  ignore line: [Thread model: posix]
  ignore line: [Supported LTO compression algorithms: zlib zstd]
  ignore line: [gcc version 11.4.0 (Ubuntu 11.4.0-1ubuntu1~22.04) ]
  ignore line: [COMPILER_PATH=/usr/lib/gcc/x86_64-linux-gnu/11/:/usr/lib/gcc/x86_64-linux-gnu/11/:/usr/lib/gcc/x86_64-linux-gnu/:/usr/lib/gcc/x86_64-linux-gnu/11/:/usr/lib/gcc/x86_64-linux-gnu/]
  ignore line: [LIBRARY_PATH=/usr/lib/gcc/x86_64-linux-gnu/11/:/usr/lib/gcc/x86_64-linux-gnu/11/../../../x86_64-linux-gnu/:/usr/lib/gcc/x86_64-linux-gnu/11/../../../../lib/:/lib/x86_64-linux-gnu/:/lib/../lib/:/usr/lib/x86_64-linux-gnu/:/usr/lib/../lib/:/usr/lib/gcc/x86_64-linux-gnu/11/../../../:/lib/:/usr/lib/]
  ignore line: [COLLECT_GCC_OPTIONS='-v' '-o' 'cmTC_b17d7' '-shared-libgcc' '-mtune=generic' '-march=x86-64' '-dumpdir' 'cmTC_b17d7.']
  link line: [ /usr/lib/gcc/x86_64-linux-gnu/11/collect2 -plugin /usr/lib/gcc/x86_64-linux-gnu/11/liblto_plugin.so -plugin-opt=/usr/lib/gcc/x86_64-linux-gnu/11/lto-wrapper -plugin-opt=-fresolution=/tmp/ccqkdgt8.res -plugin-opt=-pass-through=-lgcc_s -plugin-opt=-pass-through=-lgcc -plugin-opt=-pass-through=-lc -plugin-opt=-pass-through=-lgcc_s -plugin-opt=-pass-through=-lgcc --build-id --eh-frame-hdr -m elf_x86_64 --hash-style=gnu --as-needed -dynamic-linker /lib64/ld-linux-x86-64.so.2 -pie -z now -z relro -o cmTC_b17d7 /usr/lib/gcc/x86_64-linux-gnu/11/../../../x86_64-linux-gnu/Scrt1.o /usr/lib/gcc/x86_64-linux-gnu/11/../../../x86_64-linux-gnu/crti.o /usr/lib/gcc/x86_64-linux-gnu/11/crtbeginS.o -L/usr/lib/gcc/x86_64-linux-gnu/11 -L/usr/lib/gcc/x86_64-linux-gnu/11/../../../x86_64-linux-gnu -L/usr/lib/gcc/x86_64-linux-gnu/11/../../../../lib -L/lib/x86_64-linux-gnu -L/lib/../lib -L/usr/lib/x86_64-linux-gnu -L/usr/lib/../lib -L/usr/lib/gcc/x86_64-linux-gnu/11/../../.. CMakeFiles/cmTC_b17d7.dir/CMakeCXXCompilerABI.cpp.o -lstdc++ -lm -lgcc_s -lgcc -lc -lgcc_s -lgcc /usr/lib/gcc/x86_64-linux-gnu/11/crtendS.o /usr/lib/gcc/x86_64-linux-gnu/11/../../../x86_64-linux-gnu/crtn.o]
    arg [/usr/lib/gcc/x86_64-linux-gnu/11/collect2] ==> ignore
    arg [-plugin] ==> ignore
    arg [/usr/lib/gcc/x86_64-linux-gnu/11/liblto_plugin.so] ==> ignore
    arg [-plugin-opt=/usr/lib/gcc/x86_64-linux-gnu/11/lto-wrapper] ==> ignore
    arg [-plugin-opt=-fresolution=/tmp/ccqkdgt8.res] ==> ignore
    arg [-plugin-opt=-pass-through=-lgcc_s] ==> ignore
    arg [-plugin-opt=-pass-through=-lgcc] ==> ignore
    arg [-plugin-opt=-pass-through=-lc] ==> ignore
    arg [-plugin-opt=-pass-through=-lgcc_s] ==> ignore
    arg [-plugin-opt=-pass-through=-lgcc] ==> ignore
    arg [--build-id] ==> ignore
    arg [--eh-frame-hdr] ==> ignore
    arg [-m] ==> ignore
    arg [elf_x86_64] ==> ignore
    arg [--hash-style=gnu] ==> ignore
    arg [--as-needed] ==> ignore
    arg [-dynamic-linker] ==> ignore
    arg [/lib64/ld-linux-x86-64.so.2] ==> ignore
    arg [-pie] ==> ignore
    arg [-znow] ==> ignore
    arg [-zrelro] ==> ignore
    arg [-o] ==> ignore
    arg [cmTC_b17d7] ==> ignore
    arg [/usr/lib/gcc/x86_64-linux-gnu/11/../../../x86_64-linux-gnu/Scrt1.o] ==> obj [/usr/lib/gcc/x86_64-linux-gnu/11/../../../x86_64-linux-gnu/Scrt1.o]
    arg [/usr/lib/gcc/x86_64-linux-gnu/11/../../../x86_64-linux-gnu/crti.o] ==> obj [/usr/lib/gcc/x86_64-linux-gnu/11/../../../x86_64-linux-gnu/crti.o]
    arg [/usr/lib/gcc/x86_64-linux-gnu/11/crtbeginS.o] ==> obj [/usr/lib/gcc/x86_64-linux-gnu/11/crtbeginS.o]
    arg [-L/usr/lib/gcc/x86_64-linux-gnu/11] ==> dir [/usr/lib/gcc/x86_64-linux-gnu/11]
    arg [-L/usr/lib/gcc/x86_64-linux-gnu/11/../../../x86_64-linux-gnu] ==> dir [/usr/lib/gcc/x86_64-linux-gnu/11/../../../x86_64-linux-gnu]
    arg [-L/usr/lib/gcc/x86_64-linux-gnu/11/../../../../lib] ==> dir [/usr/lib/gcc/x86_64-linux-gnu/11/../../../../lib]
    arg [-L/lib/x86_64-linux-gnu] ==> dir [/lib/x86_64-linux-gnu]
    arg [-L/lib/../lib] ==> dir [/lib/../lib]
    arg [-L/usr/lib/x86_64-linux-gnu] ==> dir [/usr/lib/x86_64-linux-gnu]
    arg [-L/usr/lib/../lib] ==> dir [/usr/lib/../lib]
    arg [-L/usr/lib/gcc/x86_64-linux-gnu/11/../../..] ==> dir [/usr/lib/gcc/x86_64-linux-gnu/11/../../..]
    arg [CMakeFiles/cmTC_b17d7.dir/CMakeCXXCompilerABI.cpp.o] ==> ignore
    arg [-lstdc++] ==> lib [stdc++]
    arg [-lm] ==> lib [m]
    arg [-lgcc_s] ==> lib [gcc_s]
    arg [-lgcc] ==> lib [gcc]
    arg [-lc] ==> lib [c]
    arg [-lgcc_s] ==> lib [gcc_s]
    arg [-lgcc] ==> lib [gcc]
    arg [/usr/lib/gcc/x86_64-linux-gnu/11/crtendS.o] ==> obj [/usr/lib/gcc/x86_64-linux-gnu/11/crtendS.o]
    arg [/usr/lib/gcc/x86_64-linux-gnu/11/../../../x86_64-linux-gnu/crtn.o] ==> obj [/usr/lib/gcc/x86_64-linux-gnu/11/../../../x86_64-linux-gnu/crtn.o]
  collapse obj [/usr/lib/gcc/x86_64-linux-gnu/11/../../../x86_64-linux-gnu/Scrt1.o] ==> [/usr/lib/x86_64-linux-gnu/Scrt1.o]
  collapse obj [/usr/lib/gcc/x86_64-linux-gnu/11/../../../x86_64-linux-gnu/crti.o] ==> [/usr/lib/x86_64-linux-gnu/crti.o]
  collapse obj [/usr/lib/gcc/x86_64-linux-gnu/11/../../../x86_64-linux-gnu/crtn.o] ==> [/usr/lib/x86_64-linux-gnu/crtn.o]
  collapse library dir [/usr/lib/gcc/x86_64-linux-gnu/11] ==> [/usr/lib/gcc/x86_64-linux-gnu/11]
  collapse library dir [/usr/lib/gcc/x86_64-linux-gnu/11/../../../x86_64-linux-gnu] ==> [/usr/lib/x86_64-linux-gnu]
  collapse library dir [/usr/lib/gcc/x86_64-linux-gnu/11/../../../../lib] ==> [/usr/lib]
  collapse library dir [/lib/x86_64-linux-gnu] ==> [/lib/x86_64-linux-gnu]
  collapse library dir [/lib/../lib] ==> [/lib]
  collapse library dir [/usr/lib/x86_64-linux-gnu] ==> [/usr/lib/x86_64-linux-gnu]
  collapse library dir [/usr/lib/../lib] ==> [/usr/lib]
  collapse library dir [/usr/lib/gcc/x86_64-linux-gnu/11/../../..] ==> [/usr/lib]
  implicit libs: [stdc++;m;gcc_s;gcc;c;gcc_s;gcc]
  implicit objs: [/usr/lib/x86_64-linux-gnu/Scrt1.o;/usr/lib/x86_64-linux-gnu/crti.o;/usr/lib/gcc/x86_64-linux-gnu/11/crtbeginS.o;/usr/lib/gcc/x86_64-linux-gnu/11/crtendS.o;/usr/lib/x86_64-linux-gnu/crtn.o]
  implicit dirs: [/usr/lib/gcc/x86_64-linux-gnu/11;/usr/lib/x86_64-linux-gnu;/usr/lib;/lib/x86_64-linux-gnu;/lib]
  implicit fwks: []


Determining if the include file dlfcn.h exists passed with the following output:
Change Dir: /home/wo4mei3/micclang/llvm-project/clang/build/CMakeFiles/CMakeTmp

Run Build Command(s):/usr/bin/gmake -f Makefile cmTC_e3bf3/fast && /usr/bin/gmake  -f CMakeFiles/cmTC_e3bf3.dir/build.make CMakeFiles/cmTC_e3bf3.dir/build
gmake[1]: Entering directory '/home/wo4mei3/micclang/llvm-project/clang/build/CMakeFiles/CMakeTmp'
Building C object CMakeFiles/cmTC_e3bf3.dir/CheckIncludeFile.c.o
/usr/bin/cc   -O3 -DNDEBUG -o CMakeFiles/cmTC_e3bf3.dir/CheckIncludeFile.c.o -c /home/wo4mei3/micclang/llvm-project/clang/build/CMakeFiles/CMakeTmp/CheckIncludeFile.c
Linking C executable cmTC_e3bf3
/usr/bin/cmake -E cmake_link_script CMakeFiles/cmTC_e3bf3.dir/link.txt --verbose=1
/usr/bin/cc -O3 -DNDEBUG CMakeFiles/cmTC_e3bf3.dir/CheckIncludeFile.c.o -o cmTC_e3bf3  -lm 
gmake[1]: Leaving directory '/home/wo4mei3/micclang/llvm-project/clang/build/CMakeFiles/CMakeTmp'



Determining if the include file errno.h exists passed with the following output:
Change Dir: /home/wo4mei3/micclang/llvm-project/clang/build/CMakeFiles/CMakeTmp

Run Build Command(s):/usr/bin/gmake -f Makefile cmTC_57a1f/fast && /usr/bin/gmake  -f CMakeFiles/cmTC_57a1f.dir/build.make CMakeFiles/cmTC_57a1f.dir/build
gmake[1]: Entering directory '/home/wo4mei3/micclang/llvm-project/clang/build/CMakeFiles/CMakeTmp'
Building C object CMakeFiles/cmTC_57a1f.dir/CheckIncludeFile.c.o
/usr/bin/cc   -O3 -DNDEBUG -o CMakeFiles/cmTC_57a1f.dir/CheckIncludeFile.c.o -c /home/wo4mei3/micclang/llvm-project/clang/build/CMakeFiles/CMakeTmp/CheckIncludeFile.c
Linking C executable cmTC_57a1f
/usr/bin/cmake -E cmake_link_script CMakeFiles/cmTC_57a1f.dir/link.txt --verbose=1
/usr/bin/cc -O3 -DNDEBUG CMakeFiles/cmTC_57a1f.dir/CheckIncludeFile.c.o -o cmTC_57a1f  -lm 
gmake[1]: Leaving directory '/home/wo4mei3/micclang/llvm-project/clang/build/CMakeFiles/CMakeTmp'



Determining if the include file fcntl.h exists passed with the following output:
Change Dir: /home/wo4mei3/micclang/llvm-project/clang/build/CMakeFiles/CMakeTmp

Run Build Command(s):/usr/bin/gmake -f Makefile cmTC_f1f48/fast && /usr/bin/gmake  -f CMakeFiles/cmTC_f1f48.dir/build.make CMakeFiles/cmTC_f1f48.dir/build
gmake[1]: Entering directory '/home/wo4mei3/micclang/llvm-project/clang/build/CMakeFiles/CMakeTmp'
Building C object CMakeFiles/cmTC_f1f48.dir/CheckIncludeFile.c.o
/usr/bin/cc   -O3 -DNDEBUG -o CMakeFiles/cmTC_f1f48.dir/CheckIncludeFile.c.o -c /home/wo4mei3/micclang/llvm-project/clang/build/CMakeFiles/CMakeTmp/CheckIncludeFile.c
Linking C executable cmTC_f1f48
/usr/bin/cmake -E cmake_link_script CMakeFiles/cmTC_f1f48.dir/link.txt --verbose=1
/usr/bin/cc -O3 -DNDEBUG CMakeFiles/cmTC_f1f48.dir/CheckIncludeFile.c.o -o cmTC_f1f48  -lm 
gmake[1]: Leaving directory '/home/wo4mei3/micclang/llvm-project/clang/build/CMakeFiles/CMakeTmp'



Determining if the include file link.h exists passed with the following output:
Change Dir: /home/wo4mei3/micclang/llvm-project/clang/build/CMakeFiles/CMakeTmp

Run Build Command(s):/usr/bin/gmake -f Makefile cmTC_2ab96/fast && /usr/bin/gmake  -f CMakeFiles/cmTC_2ab96.dir/build.make CMakeFiles/cmTC_2ab96.dir/build
gmake[1]: Entering directory '/home/wo4mei3/micclang/llvm-project/clang/build/CMakeFiles/CMakeTmp'
Building C object CMakeFiles/cmTC_2ab96.dir/CheckIncludeFile.c.o
/usr/bin/cc   -O3 -DNDEBUG -o CMakeFiles/cmTC_2ab96.dir/CheckIncludeFile.c.o -c /home/wo4mei3/micclang/llvm-project/clang/build/CMakeFiles/CMakeTmp/CheckIncludeFile.c
Linking C executable cmTC_2ab96
/usr/bin/cmake -E cmake_link_script CMakeFiles/cmTC_2ab96.dir/link.txt --verbose=1
/usr/bin/cc -O3 -DNDEBUG CMakeFiles/cmTC_2ab96.dir/CheckIncludeFile.c.o -o cmTC_2ab96  -lm 
gmake[1]: Leaving directory '/home/wo4mei3/micclang/llvm-project/clang/build/CMakeFiles/CMakeTmp'



Determining if the include file pthread.h exists passed with the following output:
Change Dir: /home/wo4mei3/micclang/llvm-project/clang/build/CMakeFiles/CMakeTmp

Run Build Command(s):/usr/bin/gmake -f Makefile cmTC_df5e4/fast && /usr/bin/gmake  -f CMakeFiles/cmTC_df5e4.dir/build.make CMakeFiles/cmTC_df5e4.dir/build
gmake[1]: Entering directory '/home/wo4mei3/micclang/llvm-project/clang/build/CMakeFiles/CMakeTmp'
Building C object CMakeFiles/cmTC_df5e4.dir/CheckIncludeFile.c.o
/usr/bin/cc   -O3 -DNDEBUG -o CMakeFiles/cmTC_df5e4.dir/CheckIncludeFile.c.o -c /home/wo4mei3/micclang/llvm-project/clang/build/CMakeFiles/CMakeTmp/CheckIncludeFile.c
Linking C executable cmTC_df5e4
/usr/bin/cmake -E cmake_link_script CMakeFiles/cmTC_df5e4.dir/link.txt --verbose=1
/usr/bin/cc -O3 -DNDEBUG CMakeFiles/cmTC_df5e4.dir/CheckIncludeFile.c.o -o cmTC_df5e4  -lm 
gmake[1]: Leaving directory '/home/wo4mei3/micclang/llvm-project/clang/build/CMakeFiles/CMakeTmp'



Determining if the include file signal.h exists passed with the following output:
Change Dir: /home/wo4mei3/micclang/llvm-project/clang/build/CMakeFiles/CMakeTmp

Run Build Command(s):/usr/bin/gmake -f Makefile cmTC_486ba/fast && /usr/bin/gmake  -f CMakeFiles/cmTC_486ba.dir/build.make CMakeFiles/cmTC_486ba.dir/build
gmake[1]: Entering directory '/home/wo4mei3/micclang/llvm-project/clang/build/CMakeFiles/CMakeTmp'
Building C object CMakeFiles/cmTC_486ba.dir/CheckIncludeFile.c.o
/usr/bin/cc   -O3 -DNDEBUG -o CMakeFiles/cmTC_486ba.dir/CheckIncludeFile.c.o -c /home/wo4mei3/micclang/llvm-project/clang/build/CMakeFiles/CMakeTmp/CheckIncludeFile.c
Linking C executable cmTC_486ba
/usr/bin/cmake -E cmake_link_script CMakeFiles/cmTC_486ba.dir/link.txt --verbose=1
/usr/bin/cc -O3 -DNDEBUG CMakeFiles/cmTC_486ba.dir/CheckIncludeFile.c.o -o cmTC_486ba  -lm 
gmake[1]: Leaving directory '/home/wo4mei3/micclang/llvm-project/clang/build/CMakeFiles/CMakeTmp'



Determining if the include file sys/ioctl.h exists passed with the following output:
Change Dir: /home/wo4mei3/micclang/llvm-project/clang/build/CMakeFiles/CMakeTmp

Run Build Command(s):/usr/bin/gmake -f Makefile cmTC_c70e4/fast && /usr/bin/gmake  -f CMakeFiles/cmTC_c70e4.dir/build.make CMakeFiles/cmTC_c70e4.dir/build
gmake[1]: Entering directory '/home/wo4mei3/micclang/llvm-project/clang/build/CMakeFiles/CMakeTmp'
Building C object CMakeFiles/cmTC_c70e4.dir/CheckIncludeFile.c.o
/usr/bin/cc   -O3 -DNDEBUG -o CMakeFiles/cmTC_c70e4.dir/CheckIncludeFile.c.o -c /home/wo4mei3/micclang/llvm-project/clang/build/CMakeFiles/CMakeTmp/CheckIncludeFile.c
Linking C executable cmTC_c70e4
/usr/bin/cmake -E cmake_link_script CMakeFiles/cmTC_c70e4.dir/link.txt --verbose=1
/usr/bin/cc -O3 -DNDEBUG CMakeFiles/cmTC_c70e4.dir/CheckIncludeFile.c.o -o cmTC_c70e4  -lm 
gmake[1]: Leaving directory '/home/wo4mei3/micclang/llvm-project/clang/build/CMakeFiles/CMakeTmp'



Determining if the include file sys/mman.h exists passed with the following output:
Change Dir: /home/wo4mei3/micclang/llvm-project/clang/build/CMakeFiles/CMakeTmp

Run Build Command(s):/usr/bin/gmake -f Makefile cmTC_c53f7/fast && /usr/bin/gmake  -f CMakeFiles/cmTC_c53f7.dir/build.make CMakeFiles/cmTC_c53f7.dir/build
gmake[1]: Entering directory '/home/wo4mei3/micclang/llvm-project/clang/build/CMakeFiles/CMakeTmp'
Building C object CMakeFiles/cmTC_c53f7.dir/CheckIncludeFile.c.o
/usr/bin/cc   -O3 -DNDEBUG -o CMakeFiles/cmTC_c53f7.dir/CheckIncludeFile.c.o -c /home/wo4mei3/micclang/llvm-project/clang/build/CMakeFiles/CMakeTmp/CheckIncludeFile.c
Linking C executable cmTC_c53f7
/usr/bin/cmake -E cmake_link_script CMakeFiles/cmTC_c53f7.dir/link.txt --verbose=1
/usr/bin/cc -O3 -DNDEBUG CMakeFiles/cmTC_c53f7.dir/CheckIncludeFile.c.o -o cmTC_c53f7  -lm 
gmake[1]: Leaving directory '/home/wo4mei3/micclang/llvm-project/clang/build/CMakeFiles/CMakeTmp'



Determining if the include file sys/param.h exists passed with the following output:
Change Dir: /home/wo4mei3/micclang/llvm-project/clang/build/CMakeFiles/CMakeTmp

Run Build Command(s):/usr/bin/gmake -f Makefile cmTC_fa03b/fast && /usr/bin/gmake  -f CMakeFiles/cmTC_fa03b.dir/build.make CMakeFiles/cmTC_fa03b.dir/build
gmake[1]: Entering directory '/home/wo4mei3/micclang/llvm-project/clang/build/CMakeFiles/CMakeTmp'
Building C object CMakeFiles/cmTC_fa03b.dir/CheckIncludeFile.c.o
/usr/bin/cc   -O3 -DNDEBUG -o CMakeFiles/cmTC_fa03b.dir/CheckIncludeFile.c.o -c /home/wo4mei3/micclang/llvm-project/clang/build/CMakeFiles/CMakeTmp/CheckIncludeFile.c
Linking C executable cmTC_fa03b
/usr/bin/cmake -E cmake_link_script CMakeFiles/cmTC_fa03b.dir/link.txt --verbose=1
/usr/bin/cc -O3 -DNDEBUG CMakeFiles/cmTC_fa03b.dir/CheckIncludeFile.c.o -o cmTC_fa03b  -lm 
gmake[1]: Leaving directory '/home/wo4mei3/micclang/llvm-project/clang/build/CMakeFiles/CMakeTmp'



Determining if the include file sys/resource.h exists passed with the following output:
Change Dir: /home/wo4mei3/micclang/llvm-project/clang/build/CMakeFiles/CMakeTmp

Run Build Command(s):/usr/bin/gmake -f Makefile cmTC_d2d73/fast && /usr/bin/gmake  -f CMakeFiles/cmTC_d2d73.dir/build.make CMakeFiles/cmTC_d2d73.dir/build
gmake[1]: Entering directory '/home/wo4mei3/micclang/llvm-project/clang/build/CMakeFiles/CMakeTmp'
Building C object CMakeFiles/cmTC_d2d73.dir/CheckIncludeFile.c.o
/usr/bin/cc   -O3 -DNDEBUG -o CMakeFiles/cmTC_d2d73.dir/CheckIncludeFile.c.o -c /home/wo4mei3/micclang/llvm-project/clang/build/CMakeFiles/CMakeTmp/CheckIncludeFile.c
Linking C executable cmTC_d2d73
/usr/bin/cmake -E cmake_link_script CMakeFiles/cmTC_d2d73.dir/link.txt --verbose=1
/usr/bin/cc -O3 -DNDEBUG CMakeFiles/cmTC_d2d73.dir/CheckIncludeFile.c.o -o cmTC_d2d73  -lm 
gmake[1]: Leaving directory '/home/wo4mei3/micclang/llvm-project/clang/build/CMakeFiles/CMakeTmp'



Determining if the include file sys/stat.h exists passed with the following output:
Change Dir: /home/wo4mei3/micclang/llvm-project/clang/build/CMakeFiles/CMakeTmp

Run Build Command(s):/usr/bin/gmake -f Makefile cmTC_bb8e4/fast && /usr/bin/gmake  -f CMakeFiles/cmTC_bb8e4.dir/build.make CMakeFiles/cmTC_bb8e4.dir/build
gmake[1]: Entering directory '/home/wo4mei3/micclang/llvm-project/clang/build/CMakeFiles/CMakeTmp'
Building C object CMakeFiles/cmTC_bb8e4.dir/CheckIncludeFile.c.o
/usr/bin/cc   -O3 -DNDEBUG -o CMakeFiles/cmTC_bb8e4.dir/CheckIncludeFile.c.o -c /home/wo4mei3/micclang/llvm-project/clang/build/CMakeFiles/CMakeTmp/CheckIncludeFile.c
Linking C executable cmTC_bb8e4
/usr/bin/cmake -E cmake_link_script CMakeFiles/cmTC_bb8e4.dir/link.txt --verbose=1
/usr/bin/cc -O3 -DNDEBUG CMakeFiles/cmTC_bb8e4.dir/CheckIncludeFile.c.o -o cmTC_bb8e4  -lm 
gmake[1]: Leaving directory '/home/wo4mei3/micclang/llvm-project/clang/build/CMakeFiles/CMakeTmp'



Determining if the include file sys/time.h exists passed with the following output:
Change Dir: /home/wo4mei3/micclang/llvm-project/clang/build/CMakeFiles/CMakeTmp

Run Build Command(s):/usr/bin/gmake -f Makefile cmTC_8d2f0/fast && /usr/bin/gmake  -f CMakeFiles/cmTC_8d2f0.dir/build.make CMakeFiles/cmTC_8d2f0.dir/build
gmake[1]: Entering directory '/home/wo4mei3/micclang/llvm-project/clang/build/CMakeFiles/CMakeTmp'
Building C object CMakeFiles/cmTC_8d2f0.dir/CheckIncludeFile.c.o
/usr/bin/cc   -O3 -DNDEBUG -o CMakeFiles/cmTC_8d2f0.dir/CheckIncludeFile.c.o -c /home/wo4mei3/micclang/llvm-project/clang/build/CMakeFiles/CMakeTmp/CheckIncludeFile.c
Linking C executable cmTC_8d2f0
/usr/bin/cmake -E cmake_link_script CMakeFiles/cmTC_8d2f0.dir/link.txt --verbose=1
/usr/bin/cc -O3 -DNDEBUG CMakeFiles/cmTC_8d2f0.dir/CheckIncludeFile.c.o -o cmTC_8d2f0  -lm 
gmake[1]: Leaving directory '/home/wo4mei3/micclang/llvm-project/clang/build/CMakeFiles/CMakeTmp'



Determining if the include file sys/types.h exists passed with the following output:
Change Dir: /home/wo4mei3/micclang/llvm-project/clang/build/CMakeFiles/CMakeTmp

Run Build Command(s):/usr/bin/gmake -f Makefile cmTC_18ddd/fast && /usr/bin/gmake  -f CMakeFiles/cmTC_18ddd.dir/build.make CMakeFiles/cmTC_18ddd.dir/build
gmake[1]: Entering directory '/home/wo4mei3/micclang/llvm-project/clang/build/CMakeFiles/CMakeTmp'
Building C object CMakeFiles/cmTC_18ddd.dir/CheckIncludeFile.c.o
/usr/bin/cc   -O3 -DNDEBUG -o CMakeFiles/cmTC_18ddd.dir/CheckIncludeFile.c.o -c /home/wo4mei3/micclang/llvm-project/clang/build/CMakeFiles/CMakeTmp/CheckIncludeFile.c
Linking C executable cmTC_18ddd
/usr/bin/cmake -E cmake_link_script CMakeFiles/cmTC_18ddd.dir/link.txt --verbose=1
/usr/bin/cc -O3 -DNDEBUG CMakeFiles/cmTC_18ddd.dir/CheckIncludeFile.c.o -o cmTC_18ddd  -lm 
gmake[1]: Leaving directory '/home/wo4mei3/micclang/llvm-project/clang/build/CMakeFiles/CMakeTmp'



Determining if the include file sysexits.h exists passed with the following output:
Change Dir: /home/wo4mei3/micclang/llvm-project/clang/build/CMakeFiles/CMakeTmp

Run Build Command(s):/usr/bin/gmake -f Makefile cmTC_e896a/fast && /usr/bin/gmake  -f CMakeFiles/cmTC_e896a.dir/build.make CMakeFiles/cmTC_e896a.dir/build
gmake[1]: Entering directory '/home/wo4mei3/micclang/llvm-project/clang/build/CMakeFiles/CMakeTmp'
Building C object CMakeFiles/cmTC_e896a.dir/CheckIncludeFile.c.o
/usr/bin/cc   -O3 -DNDEBUG -o CMakeFiles/cmTC_e896a.dir/CheckIncludeFile.c.o -c /home/wo4mei3/micclang/llvm-project/clang/build/CMakeFiles/CMakeTmp/CheckIncludeFile.c
Linking C executable cmTC_e896a
/usr/bin/cmake -E cmake_link_script CMakeFiles/cmTC_e896a.dir/link.txt --verbose=1
/usr/bin/cc -O3 -DNDEBUG CMakeFiles/cmTC_e896a.dir/CheckIncludeFile.c.o -o cmTC_e896a  -lm 
gmake[1]: Leaving directory '/home/wo4mei3/micclang/llvm-project/clang/build/CMakeFiles/CMakeTmp'



Determining if the include file termios.h exists passed with the following output:
Change Dir: /home/wo4mei3/micclang/llvm-project/clang/build/CMakeFiles/CMakeTmp

Run Build Command(s):/usr/bin/gmake -f Makefile cmTC_f32ae/fast && /usr/bin/gmake  -f CMakeFiles/cmTC_f32ae.dir/build.make CMakeFiles/cmTC_f32ae.dir/build
gmake[1]: Entering directory '/home/wo4mei3/micclang/llvm-project/clang/build/CMakeFiles/CMakeTmp'
Building C object CMakeFiles/cmTC_f32ae.dir/CheckIncludeFile.c.o
/usr/bin/cc   -O3 -DNDEBUG -o CMakeFiles/cmTC_f32ae.dir/CheckIncludeFile.c.o -c /home/wo4mei3/micclang/llvm-project/clang/build/CMakeFiles/CMakeTmp/CheckIncludeFile.c
Linking C executable cmTC_f32ae
/usr/bin/cmake -E cmake_link_script CMakeFiles/cmTC_f32ae.dir/link.txt --verbose=1
/usr/bin/cc -O3 -DNDEBUG CMakeFiles/cmTC_f32ae.dir/CheckIncludeFile.c.o -o cmTC_f32ae  -lm 
gmake[1]: Leaving directory '/home/wo4mei3/micclang/llvm-project/clang/build/CMakeFiles/CMakeTmp'



Determining if the include file unistd.h exists passed with the following output:
Change Dir: /home/wo4mei3/micclang/llvm-project/clang/build/CMakeFiles/CMakeTmp

Run Build Command(s):/usr/bin/gmake -f Makefile cmTC_999db/fast && /usr/bin/gmake  -f CMakeFiles/cmTC_999db.dir/build.make CMakeFiles/cmTC_999db.dir/build
gmake[1]: Entering directory '/home/wo4mei3/micclang/llvm-project/clang/build/CMakeFiles/CMakeTmp'
Building C object CMakeFiles/cmTC_999db.dir/CheckIncludeFile.c.o
/usr/bin/cc   -O3 -DNDEBUG -o CMakeFiles/cmTC_999db.dir/CheckIncludeFile.c.o -c /home/wo4mei3/micclang/llvm-project/clang/build/CMakeFiles/CMakeTmp/CheckIncludeFile.c
Linking C executable cmTC_999db
/usr/bin/cmake -E cmake_link_script CMakeFiles/cmTC_999db.dir/link.txt --verbose=1
/usr/bin/cc -O3 -DNDEBUG CMakeFiles/cmTC_999db.dir/CheckIncludeFile.c.o -o cmTC_999db  -lm 
gmake[1]: Leaving directory '/home/wo4mei3/micclang/llvm-project/clang/build/CMakeFiles/CMakeTmp'



Determining if the include file fenv.h exists passed with the following output:
Change Dir: /home/wo4mei3/micclang/llvm-project/clang/build/CMakeFiles/CMakeTmp

Run Build Command(s):/usr/bin/gmake -f Makefile cmTC_25aaa/fast && /usr/bin/gmake  -f CMakeFiles/cmTC_25aaa.dir/build.make CMakeFiles/cmTC_25aaa.dir/build
gmake[1]: Entering directory '/home/wo4mei3/micclang/llvm-project/clang/build/CMakeFiles/CMakeTmp'
Building C object CMakeFiles/cmTC_25aaa.dir/CheckIncludeFile.c.o
/usr/bin/cc   -O3 -DNDEBUG -o CMakeFiles/cmTC_25aaa.dir/CheckIncludeFile.c.o -c /home/wo4mei3/micclang/llvm-project/clang/build/CMakeFiles/CMakeTmp/CheckIncludeFile.c
Linking C executable cmTC_25aaa
/usr/bin/cmake -E cmake_link_script CMakeFiles/cmTC_25aaa.dir/link.txt --verbose=1
/usr/bin/cc -O3 -DNDEBUG CMakeFiles/cmTC_25aaa.dir/CheckIncludeFile.c.o -o cmTC_25aaa  -lm 
gmake[1]: Leaving directory '/home/wo4mei3/micclang/llvm-project/clang/build/CMakeFiles/CMakeTmp'



Determining if the FE_ALL_EXCEPT exist passed with the following output:
Change Dir: /home/wo4mei3/micclang/llvm-project/clang/build/CMakeFiles/CMakeTmp

Run Build Command(s):/usr/bin/gmake -f Makefile cmTC_7e980/fast && /usr/bin/gmake  -f CMakeFiles/cmTC_7e980.dir/build.make CMakeFiles/cmTC_7e980.dir/build
gmake[1]: Entering directory '/home/wo4mei3/micclang/llvm-project/clang/build/CMakeFiles/CMakeTmp'
Building C object CMakeFiles/cmTC_7e980.dir/CheckSymbolExists.c.o
/usr/bin/cc   -O3 -DNDEBUG -o CMakeFiles/cmTC_7e980.dir/CheckSymbolExists.c.o -c /home/wo4mei3/micclang/llvm-project/clang/build/CMakeFiles/CMakeTmp/CheckSymbolExists.c
Linking C executable cmTC_7e980
/usr/bin/cmake -E cmake_link_script CMakeFiles/cmTC_7e980.dir/link.txt --verbose=1
/usr/bin/cc -O3 -DNDEBUG CMakeFiles/cmTC_7e980.dir/CheckSymbolExists.c.o -o cmTC_7e980  -lm 
gmake[1]: Leaving directory '/home/wo4mei3/micclang/llvm-project/clang/build/CMakeFiles/CMakeTmp'


File /home/wo4mei3/micclang/llvm-project/clang/build/CMakeFiles/CMakeTmp/CheckSymbolExists.c:
/* */
#include <fenv.h>

int main(int argc, char** argv)
{
  (void)argv;
#ifndef FE_ALL_EXCEPT
  return ((int*)(&FE_ALL_EXCEPT))[argc];
#else
  (void)argc;
  return 0;
#endif
}
Determining if the FE_INEXACT exist passed with the following output:
Change Dir: /home/wo4mei3/micclang/llvm-project/clang/build/CMakeFiles/CMakeTmp

Run Build Command(s):/usr/bin/gmake -f Makefile cmTC_bf1a7/fast && /usr/bin/gmake  -f CMakeFiles/cmTC_bf1a7.dir/build.make CMakeFiles/cmTC_bf1a7.dir/build
gmake[1]: Entering directory '/home/wo4mei3/micclang/llvm-project/clang/build/CMakeFiles/CMakeTmp'
Building C object CMakeFiles/cmTC_bf1a7.dir/CheckSymbolExists.c.o
/usr/bin/cc   -O3 -DNDEBUG -o CMakeFiles/cmTC_bf1a7.dir/CheckSymbolExists.c.o -c /home/wo4mei3/micclang/llvm-project/clang/build/CMakeFiles/CMakeTmp/CheckSymbolExists.c
Linking C executable cmTC_bf1a7
/usr/bin/cmake -E cmake_link_script CMakeFiles/cmTC_bf1a7.dir/link.txt --verbose=1
/usr/bin/cc -O3 -DNDEBUG CMakeFiles/cmTC_bf1a7.dir/CheckSymbolExists.c.o -o cmTC_bf1a7  -lm 
gmake[1]: Leaving directory '/home/wo4mei3/micclang/llvm-project/clang/build/CMakeFiles/CMakeTmp'


File /home/wo4mei3/micclang/llvm-project/clang/build/CMakeFiles/CMakeTmp/CheckSymbolExists.c:
/* */
#include <fenv.h>

int main(int argc, char** argv)
{
  (void)argv;
#ifndef FE_INEXACT
  return ((int*)(&FE_INEXACT))[argc];
#else
  (void)argc;
  return 0;
#endif
}
Performing C SOURCE FILE Test HAVE_BUILTIN_THREAD_POINTER succeeded with the following output:
Change Dir: /home/wo4mei3/micclang/llvm-project/clang/build/CMakeFiles/CMakeTmp

Run Build Command(s):/usr/bin/gmake -f Makefile cmTC_e3c36/fast && /usr/bin/gmake  -f CMakeFiles/cmTC_e3c36.dir/build.make CMakeFiles/cmTC_e3c36.dir/build
gmake[1]: Entering directory '/home/wo4mei3/micclang/llvm-project/clang/build/CMakeFiles/CMakeTmp'
Building C object CMakeFiles/cmTC_e3c36.dir/src.c.o
/usr/bin/cc -DHAVE_BUILTIN_THREAD_POINTER  -O3 -DNDEBUG -o CMakeFiles/cmTC_e3c36.dir/src.c.o -c /home/wo4mei3/micclang/llvm-project/clang/build/CMakeFiles/CMakeTmp/src.c
Linking C executable cmTC_e3c36
/usr/bin/cmake -E cmake_link_script CMakeFiles/cmTC_e3c36.dir/link.txt --verbose=1
/usr/bin/cc -O3 -DNDEBUG CMakeFiles/cmTC_e3c36.dir/src.c.o -o cmTC_e3c36  -lm 
gmake[1]: Leaving directory '/home/wo4mei3/micclang/llvm-project/clang/build/CMakeFiles/CMakeTmp'


Source file was:

        #if __has_attribute(used)
        #define LLVM_ATTRIBUTE_USED __attribute__((__used__))
        #else
        #define LLVM_ATTRIBUTE_USED
        #endif
        LLVM_ATTRIBUTE_USED void *foo() {
          return __builtin_thread_pointer();
        }
        int main(void) { return 0; }
Determining if the include file linux/magic.h exists passed with the following output:
Change Dir: /home/wo4mei3/micclang/llvm-project/clang/build/CMakeFiles/CMakeTmp

Run Build Command(s):/usr/bin/gmake -f Makefile cmTC_0f296/fast && /usr/bin/gmake  -f CMakeFiles/cmTC_0f296.dir/build.make CMakeFiles/cmTC_0f296.dir/build
gmake[1]: Entering directory '/home/wo4mei3/micclang/llvm-project/clang/build/CMakeFiles/CMakeTmp'
Building C object CMakeFiles/cmTC_0f296.dir/CheckIncludeFile.c.o
/usr/bin/cc   -O3 -DNDEBUG -o CMakeFiles/cmTC_0f296.dir/CheckIncludeFile.c.o -c /home/wo4mei3/micclang/llvm-project/clang/build/CMakeFiles/CMakeTmp/CheckIncludeFile.c
Linking C executable cmTC_0f296
/usr/bin/cmake -E cmake_link_script CMakeFiles/cmTC_0f296.dir/link.txt --verbose=1
/usr/bin/cc -O3 -DNDEBUG CMakeFiles/cmTC_0f296.dir/CheckIncludeFile.c.o -o cmTC_0f296  -lm 
gmake[1]: Leaving directory '/home/wo4mei3/micclang/llvm-project/clang/build/CMakeFiles/CMakeTmp'



Determining if the function pthread_create exists in the pthread passed with the following output:
Change Dir: /home/wo4mei3/micclang/llvm-project/clang/build/CMakeFiles/CMakeTmp

Run Build Command(s):/usr/bin/gmake -f Makefile cmTC_7b1c5/fast && /usr/bin/gmake  -f CMakeFiles/cmTC_7b1c5.dir/build.make CMakeFiles/cmTC_7b1c5.dir/build
gmake[1]: Entering directory '/home/wo4mei3/micclang/llvm-project/clang/build/CMakeFiles/CMakeTmp'
Building C object CMakeFiles/cmTC_7b1c5.dir/CheckFunctionExists.c.o
/usr/bin/cc   -DCHECK_FUNCTION_EXISTS=pthread_create -O3 -DNDEBUG -o CMakeFiles/cmTC_7b1c5.dir/CheckFunctionExists.c.o -c /usr/share/cmake-3.22/Modules/CheckFunctionExists.c
Linking C executable cmTC_7b1c5
/usr/bin/cmake -E cmake_link_script CMakeFiles/cmTC_7b1c5.dir/link.txt --verbose=1
/usr/bin/cc  -DCHECK_FUNCTION_EXISTS=pthread_create -O3 -DNDEBUG CMakeFiles/cmTC_7b1c5.dir/CheckFunctionExists.c.o -o cmTC_7b1c5  -lpthread -lm 
gmake[1]: Leaving directory '/home/wo4mei3/micclang/llvm-project/clang/build/CMakeFiles/CMakeTmp'



Determining if the function pthread_rwlock_init exists in the pthread passed with the following output:
Change Dir: /home/wo4mei3/micclang/llvm-project/clang/build/CMakeFiles/CMakeTmp

Run Build Command(s):/usr/bin/gmake -f Makefile cmTC_7c7d0/fast && /usr/bin/gmake  -f CMakeFiles/cmTC_7c7d0.dir/build.make CMakeFiles/cmTC_7c7d0.dir/build
gmake[1]: Entering directory '/home/wo4mei3/micclang/llvm-project/clang/build/CMakeFiles/CMakeTmp'
Building C object CMakeFiles/cmTC_7c7d0.dir/CheckFunctionExists.c.o
/usr/bin/cc   -DCHECK_FUNCTION_EXISTS=pthread_rwlock_init -O3 -DNDEBUG -o CMakeFiles/cmTC_7c7d0.dir/CheckFunctionExists.c.o -c /usr/share/cmake-3.22/Modules/CheckFunctionExists.c
Linking C executable cmTC_7c7d0
/usr/bin/cmake -E cmake_link_script CMakeFiles/cmTC_7c7d0.dir/link.txt --verbose=1
/usr/bin/cc  -DCHECK_FUNCTION_EXISTS=pthread_rwlock_init -O3 -DNDEBUG CMakeFiles/cmTC_7c7d0.dir/CheckFunctionExists.c.o -o cmTC_7c7d0  -lpthread -lm 
gmake[1]: Leaving directory '/home/wo4mei3/micclang/llvm-project/clang/build/CMakeFiles/CMakeTmp'



Determining if the function pthread_mutex_lock exists in the pthread passed with the following output:
Change Dir: /home/wo4mei3/micclang/llvm-project/clang/build/CMakeFiles/CMakeTmp

Run Build Command(s):/usr/bin/gmake -f Makefile cmTC_87f6a/fast && /usr/bin/gmake  -f CMakeFiles/cmTC_87f6a.dir/build.make CMakeFiles/cmTC_87f6a.dir/build
gmake[1]: Entering directory '/home/wo4mei3/micclang/llvm-project/clang/build/CMakeFiles/CMakeTmp'
Building C object CMakeFiles/cmTC_87f6a.dir/CheckFunctionExists.c.o
/usr/bin/cc   -DCHECK_FUNCTION_EXISTS=pthread_mutex_lock -O3 -DNDEBUG -o CMakeFiles/cmTC_87f6a.dir/CheckFunctionExists.c.o -c /usr/share/cmake-3.22/Modules/CheckFunctionExists.c
Linking C executable cmTC_87f6a
/usr/bin/cmake -E cmake_link_script CMakeFiles/cmTC_87f6a.dir/link.txt --verbose=1
/usr/bin/cc  -DCHECK_FUNCTION_EXISTS=pthread_mutex_lock -O3 -DNDEBUG CMakeFiles/cmTC_87f6a.dir/CheckFunctionExists.c.o -o cmTC_87f6a  -lpthread -lm 
gmake[1]: Leaving directory '/home/wo4mei3/micclang/llvm-project/clang/build/CMakeFiles/CMakeTmp'



Determining if the function dlopen exists in the dl passed with the following output:
Change Dir: /home/wo4mei3/micclang/llvm-project/clang/build/CMakeFiles/CMakeTmp

Run Build Command(s):/usr/bin/gmake -f Makefile cmTC_8dd98/fast && /usr/bin/gmake  -f CMakeFiles/cmTC_8dd98.dir/build.make CMakeFiles/cmTC_8dd98.dir/build
gmake[1]: Entering directory '/home/wo4mei3/micclang/llvm-project/clang/build/CMakeFiles/CMakeTmp'
Building C object CMakeFiles/cmTC_8dd98.dir/CheckFunctionExists.c.o
/usr/bin/cc   -DCHECK_FUNCTION_EXISTS=dlopen -O3 -DNDEBUG -o CMakeFiles/cmTC_8dd98.dir/CheckFunctionExists.c.o -c /usr/share/cmake-3.22/Modules/CheckFunctionExists.c
Linking C executable cmTC_8dd98
/usr/bin/cmake -E cmake_link_script CMakeFiles/cmTC_8dd98.dir/link.txt --verbose=1
/usr/bin/cc  -DCHECK_FUNCTION_EXISTS=dlopen -O3 -DNDEBUG CMakeFiles/cmTC_8dd98.dir/CheckFunctionExists.c.o -o cmTC_8dd98  -ldl -lm 
gmake[1]: Leaving directory '/home/wo4mei3/micclang/llvm-project/clang/build/CMakeFiles/CMakeTmp'



Determining if the function clock_gettime exists in the rt passed with the following output:
Change Dir: /home/wo4mei3/micclang/llvm-project/clang/build/CMakeFiles/CMakeTmp

Run Build Command(s):/usr/bin/gmake -f Makefile cmTC_c1e13/fast && /usr/bin/gmake  -f CMakeFiles/cmTC_c1e13.dir/build.make CMakeFiles/cmTC_c1e13.dir/build
gmake[1]: Entering directory '/home/wo4mei3/micclang/llvm-project/clang/build/CMakeFiles/CMakeTmp'
Building C object CMakeFiles/cmTC_c1e13.dir/CheckFunctionExists.c.o
/usr/bin/cc   -DCHECK_FUNCTION_EXISTS=clock_gettime -O3 -DNDEBUG -o CMakeFiles/cmTC_c1e13.dir/CheckFunctionExists.c.o -c /usr/share/cmake-3.22/Modules/CheckFunctionExists.c
Linking C executable cmTC_c1e13
/usr/bin/cmake -E cmake_link_script CMakeFiles/cmTC_c1e13.dir/link.txt --verbose=1
/usr/bin/cc  -DCHECK_FUNCTION_EXISTS=clock_gettime -O3 -DNDEBUG CMakeFiles/cmTC_c1e13.dir/CheckFunctionExists.c.o -o cmTC_c1e13  -lrt -lm 
gmake[1]: Leaving directory '/home/wo4mei3/micclang/llvm-project/clang/build/CMakeFiles/CMakeTmp'



Determining if the include file pthread.h exists passed with the following output:
Change Dir: /home/wo4mei3/micclang/llvm-project/clang/build/CMakeFiles/CMakeTmp

Run Build Command(s):/usr/bin/gmake -f Makefile cmTC_bb78f/fast && /usr/bin/gmake  -f CMakeFiles/cmTC_bb78f.dir/build.make CMakeFiles/cmTC_bb78f.dir/build
gmake[1]: Entering directory '/home/wo4mei3/micclang/llvm-project/clang/build/CMakeFiles/CMakeTmp'
Building C object CMakeFiles/cmTC_bb78f.dir/CheckIncludeFile.c.o
/usr/bin/cc   -O3 -DNDEBUG -o CMakeFiles/cmTC_bb78f.dir/CheckIncludeFile.c.o -c /home/wo4mei3/micclang/llvm-project/clang/build/CMakeFiles/CMakeTmp/CheckIncludeFile.c
Linking C executable cmTC_bb78f
/usr/bin/cmake -E cmake_link_script CMakeFiles/cmTC_bb78f.dir/link.txt --verbose=1
/usr/bin/cc -O3 -DNDEBUG CMakeFiles/cmTC_bb78f.dir/CheckIncludeFile.c.o -o cmTC_bb78f  -lm 
gmake[1]: Leaving directory '/home/wo4mei3/micclang/llvm-project/clang/build/CMakeFiles/CMakeTmp'



Performing C SOURCE FILE Test CMAKE_HAVE_LIBC_PTHREAD succeeded with the following output:
Change Dir: /home/wo4mei3/micclang/llvm-project/clang/build/CMakeFiles/CMakeTmp

Run Build Command(s):/usr/bin/gmake -f Makefile cmTC_a00fa/fast && /usr/bin/gmake  -f CMakeFiles/cmTC_a00fa.dir/build.make CMakeFiles/cmTC_a00fa.dir/build
gmake[1]: Entering directory '/home/wo4mei3/micclang/llvm-project/clang/build/CMakeFiles/CMakeTmp'
Building C object CMakeFiles/cmTC_a00fa.dir/src.c.o
/usr/bin/cc -DCMAKE_HAVE_LIBC_PTHREAD  -O3 -DNDEBUG -o CMakeFiles/cmTC_a00fa.dir/src.c.o -c /home/wo4mei3/micclang/llvm-project/clang/build/CMakeFiles/CMakeTmp/src.c
Linking C executable cmTC_a00fa
/usr/bin/cmake -E cmake_link_script CMakeFiles/cmTC_a00fa.dir/link.txt --verbose=1
/usr/bin/cc -O3 -DNDEBUG CMakeFiles/cmTC_a00fa.dir/src.c.o -o cmTC_a00fa  -lm 
gmake[1]: Leaving directory '/home/wo4mei3/micclang/llvm-project/clang/build/CMakeFiles/CMakeTmp'


Source file was:
#include <pthread.h>

static void* test_func(void* data)
{
  return data;
}

int main(void)
{
  pthread_t thread;
  pthread_create(&thread, NULL, test_func, NULL);
  pthread_detach(thread);
  pthread_cancel(thread);
  pthread_join(thread, NULL);
  pthread_atfork(NULL, NULL, NULL);
  pthread_exit(NULL);

  return 0;
}

Determining if the compress2 exist passed with the following output:
Change Dir: /home/wo4mei3/micclang/llvm-project/clang/build/CMakeFiles/CMakeTmp

Run Build Command(s):/usr/bin/gmake -f Makefile cmTC_d315c/fast && /usr/bin/gmake  -f CMakeFiles/cmTC_d315c.dir/build.make CMakeFiles/cmTC_d315c.dir/build
gmake[1]: Entering directory '/home/wo4mei3/micclang/llvm-project/clang/build/CMakeFiles/CMakeTmp'
Building C object CMakeFiles/cmTC_d315c.dir/CheckSymbolExists.c.o
/usr/bin/cc   -O3 -DNDEBUG -o CMakeFiles/cmTC_d315c.dir/CheckSymbolExists.c.o -c /home/wo4mei3/micclang/llvm-project/clang/build/CMakeFiles/CMakeTmp/CheckSymbolExists.c
Linking C executable cmTC_d315c
/usr/bin/cmake -E cmake_link_script CMakeFiles/cmTC_d315c.dir/link.txt --verbose=1
/usr/bin/cc -O3 -DNDEBUG CMakeFiles/cmTC_d315c.dir/CheckSymbolExists.c.o -o cmTC_d315c  -lm /usr/lib/x86_64-linux-gnu/libz.so 
gmake[1]: Leaving directory '/home/wo4mei3/micclang/llvm-project/clang/build/CMakeFiles/CMakeTmp'


File /home/wo4mei3/micclang/llvm-project/clang/build/CMakeFiles/CMakeTmp/CheckSymbolExists.c:
/* */
#include <zlib.h>

int main(int argc, char** argv)
{
  (void)argv;
#ifndef compress2
  return ((int*)(&compress2))[argc];
#else
  (void)argc;
  return 0;
#endif
}
Determining if the xmlReadMemory exist passed with the following output:
Change Dir: /home/wo4mei3/micclang/llvm-project/clang/build/CMakeFiles/CMakeTmp

Run Build Command(s):/usr/bin/gmake -f Makefile cmTC_60e09/fast && /usr/bin/gmake  -f CMakeFiles/cmTC_60e09.dir/build.make CMakeFiles/cmTC_60e09.dir/build
gmake[1]: Entering directory '/home/wo4mei3/micclang/llvm-project/clang/build/CMakeFiles/CMakeTmp'
Building C object CMakeFiles/cmTC_60e09.dir/CheckSymbolExists.c.o
/usr/bin/cc  -I/usr/include/libxml2 -O3 -DNDEBUG -o CMakeFiles/cmTC_60e09.dir/CheckSymbolExists.c.o -c /home/wo4mei3/micclang/llvm-project/clang/build/CMakeFiles/CMakeTmp/CheckSymbolExists.c
Linking C executable cmTC_60e09
/usr/bin/cmake -E cmake_link_script CMakeFiles/cmTC_60e09.dir/link.txt --verbose=1
/usr/bin/cc -O3 -DNDEBUG CMakeFiles/cmTC_60e09.dir/CheckSymbolExists.c.o -o cmTC_60e09  -lm /usr/lib/x86_64-linux-gnu/libxml2.so 
gmake[1]: Leaving directory '/home/wo4mei3/micclang/llvm-project/clang/build/CMakeFiles/CMakeTmp'


File /home/wo4mei3/micclang/llvm-project/clang/build/CMakeFiles/CMakeTmp/CheckSymbolExists.c:
/* */
#include <libxml/xmlreader.h>

int main(int argc, char** argv)
{
  (void)argv;
#ifndef xmlReadMemory
  return ((int*)(&xmlReadMemory))[argc];
#else
  (void)argc;
  return 0;
#endif
}
Determining if the backtrace exist passed with the following output:
Change Dir: /home/wo4mei3/micclang/llvm-project/clang/build/CMakeFiles/CMakeTmp

Run Build Command(s):/usr/bin/gmake -f Makefile cmTC_5eb3a/fast && /usr/bin/gmake  -f CMakeFiles/cmTC_5eb3a.dir/build.make CMakeFiles/cmTC_5eb3a.dir/build
gmake[1]: Entering directory '/home/wo4mei3/micclang/llvm-project/clang/build/CMakeFiles/CMakeTmp'
Building C object CMakeFiles/cmTC_5eb3a.dir/CheckSymbolExists.c.o
/usr/bin/cc   -O3 -DNDEBUG -o CMakeFiles/cmTC_5eb3a.dir/CheckSymbolExists.c.o -c /home/wo4mei3/micclang/llvm-project/clang/build/CMakeFiles/CMakeTmp/CheckSymbolExists.c
Linking C executable cmTC_5eb3a
/usr/bin/cmake -E cmake_link_script CMakeFiles/cmTC_5eb3a.dir/link.txt --verbose=1
/usr/bin/cc -O3 -DNDEBUG CMakeFiles/cmTC_5eb3a.dir/CheckSymbolExists.c.o -o cmTC_5eb3a 
gmake[1]: Leaving directory '/home/wo4mei3/micclang/llvm-project/clang/build/CMakeFiles/CMakeTmp'


File /home/wo4mei3/micclang/llvm-project/clang/build/CMakeFiles/CMakeTmp/CheckSymbolExists.c:
/* */
#include <execinfo.h>

int main(int argc, char** argv)
{
  (void)argv;
#ifndef backtrace
  return ((int*)(&backtrace))[argc];
#else
  (void)argc;
  return 0;
#endif
}
Determining if the __register_frame exist passed with the following output:
Change Dir: /home/wo4mei3/micclang/llvm-project/clang/build/CMakeFiles/CMakeTmp

Run Build Command(s):/usr/bin/gmake -f Makefile cmTC_87ea0/fast && /usr/bin/gmake  -f CMakeFiles/cmTC_87ea0.dir/build.make CMakeFiles/cmTC_87ea0.dir/build
gmake[1]: Entering directory '/home/wo4mei3/micclang/llvm-project/clang/build/CMakeFiles/CMakeTmp'
Building C object CMakeFiles/cmTC_87ea0.dir/CheckSymbolExists.c.o
/usr/bin/cc   -O3 -DNDEBUG -o CMakeFiles/cmTC_87ea0.dir/CheckSymbolExists.c.o -c /home/wo4mei3/micclang/llvm-project/clang/build/CMakeFiles/CMakeTmp/CheckSymbolExists.c
Linking C executable cmTC_87ea0
/usr/bin/cmake -E cmake_link_script CMakeFiles/cmTC_87ea0.dir/link.txt --verbose=1
/usr/bin/cc -O3 -DNDEBUG CMakeFiles/cmTC_87ea0.dir/CheckSymbolExists.c.o -o cmTC_87ea0  -lm 
gmake[1]: Leaving directory '/home/wo4mei3/micclang/llvm-project/clang/build/CMakeFiles/CMakeTmp'


File /home/wo4mei3/micclang/llvm-project/clang/build/CMakeFiles/CMakeTmp/CheckSymbolExists.c:
/* */
#include </home/wo4mei3/micclang/llvm-project/llvm/cmake/unwind.h>

int main(int argc, char** argv)
{
  (void)argv;
#ifndef __register_frame
  return ((int*)(&__register_frame))[argc];
#else
  (void)argc;
  return 0;
#endif
}
Determining if the __deregister_frame exist passed with the following output:
Change Dir: /home/wo4mei3/micclang/llvm-project/clang/build/CMakeFiles/CMakeTmp

Run Build Command(s):/usr/bin/gmake -f Makefile cmTC_64071/fast && /usr/bin/gmake  -f CMakeFiles/cmTC_64071.dir/build.make CMakeFiles/cmTC_64071.dir/build
gmake[1]: Entering directory '/home/wo4mei3/micclang/llvm-project/clang/build/CMakeFiles/CMakeTmp'
Building C object CMakeFiles/cmTC_64071.dir/CheckSymbolExists.c.o
/usr/bin/cc   -O3 -DNDEBUG -o CMakeFiles/cmTC_64071.dir/CheckSymbolExists.c.o -c /home/wo4mei3/micclang/llvm-project/clang/build/CMakeFiles/CMakeTmp/CheckSymbolExists.c
Linking C executable cmTC_64071
/usr/bin/cmake -E cmake_link_script CMakeFiles/cmTC_64071.dir/link.txt --verbose=1
/usr/bin/cc -O3 -DNDEBUG CMakeFiles/cmTC_64071.dir/CheckSymbolExists.c.o -o cmTC_64071  -lm 
gmake[1]: Leaving directory '/home/wo4mei3/micclang/llvm-project/clang/build/CMakeFiles/CMakeTmp'


File /home/wo4mei3/micclang/llvm-project/clang/build/CMakeFiles/CMakeTmp/CheckSymbolExists.c:
/* */
#include </home/wo4mei3/micclang/llvm-project/llvm/cmake/unwind.h>

int main(int argc, char** argv)
{
  (void)argv;
#ifndef __deregister_frame
  return ((int*)(&__deregister_frame))[argc];
#else
  (void)argc;
  return 0;
#endif
}
Determining if the _Unwind_Backtrace exist passed with the following output:
Change Dir: /home/wo4mei3/micclang/llvm-project/clang/build/CMakeFiles/CMakeTmp

Run Build Command(s):/usr/bin/gmake -f Makefile cmTC_8249a/fast && /usr/bin/gmake  -f CMakeFiles/cmTC_8249a.dir/build.make CMakeFiles/cmTC_8249a.dir/build
gmake[1]: Entering directory '/home/wo4mei3/micclang/llvm-project/clang/build/CMakeFiles/CMakeTmp'
Building C object CMakeFiles/cmTC_8249a.dir/CheckSymbolExists.c.o
/usr/bin/cc   -O3 -DNDEBUG -o CMakeFiles/cmTC_8249a.dir/CheckSymbolExists.c.o -c /home/wo4mei3/micclang/llvm-project/clang/build/CMakeFiles/CMakeTmp/CheckSymbolExists.c
Linking C executable cmTC_8249a
/usr/bin/cmake -E cmake_link_script CMakeFiles/cmTC_8249a.dir/link.txt --verbose=1
/usr/bin/cc -O3 -DNDEBUG CMakeFiles/cmTC_8249a.dir/CheckSymbolExists.c.o -o cmTC_8249a  -lm 
gmake[1]: Leaving directory '/home/wo4mei3/micclang/llvm-project/clang/build/CMakeFiles/CMakeTmp'


File /home/wo4mei3/micclang/llvm-project/clang/build/CMakeFiles/CMakeTmp/CheckSymbolExists.c:
/* */
#include <unwind.h>

int main(int argc, char** argv)
{
  (void)argv;
#ifndef _Unwind_Backtrace
  return ((int*)(&_Unwind_Backtrace))[argc];
#else
  (void)argc;
  return 0;
#endif
}
Determining if the getpagesize exist passed with the following output:
Change Dir: /home/wo4mei3/micclang/llvm-project/clang/build/CMakeFiles/CMakeTmp

Run Build Command(s):/usr/bin/gmake -f Makefile cmTC_5c3c1/fast && /usr/bin/gmake  -f CMakeFiles/cmTC_5c3c1.dir/build.make CMakeFiles/cmTC_5c3c1.dir/build
gmake[1]: Entering directory '/home/wo4mei3/micclang/llvm-project/clang/build/CMakeFiles/CMakeTmp'
Building C object CMakeFiles/cmTC_5c3c1.dir/CheckSymbolExists.c.o
/usr/bin/cc   -O3 -DNDEBUG -o CMakeFiles/cmTC_5c3c1.dir/CheckSymbolExists.c.o -c /home/wo4mei3/micclang/llvm-project/clang/build/CMakeFiles/CMakeTmp/CheckSymbolExists.c
Linking C executable cmTC_5c3c1
/usr/bin/cmake -E cmake_link_script CMakeFiles/cmTC_5c3c1.dir/link.txt --verbose=1
/usr/bin/cc -O3 -DNDEBUG CMakeFiles/cmTC_5c3c1.dir/CheckSymbolExists.c.o -o cmTC_5c3c1  -lm 
gmake[1]: Leaving directory '/home/wo4mei3/micclang/llvm-project/clang/build/CMakeFiles/CMakeTmp'


File /home/wo4mei3/micclang/llvm-project/clang/build/CMakeFiles/CMakeTmp/CheckSymbolExists.c:
/* */
#include <unistd.h>

int main(int argc, char** argv)
{
  (void)argv;
#ifndef getpagesize
  return ((int*)(&getpagesize))[argc];
#else
  (void)argc;
  return 0;
#endif
}
Determining if the sysconf exist passed with the following output:
Change Dir: /home/wo4mei3/micclang/llvm-project/clang/build/CMakeFiles/CMakeTmp

Run Build Command(s):/usr/bin/gmake -f Makefile cmTC_1eba6/fast && /usr/bin/gmake  -f CMakeFiles/cmTC_1eba6.dir/build.make CMakeFiles/cmTC_1eba6.dir/build
gmake[1]: Entering directory '/home/wo4mei3/micclang/llvm-project/clang/build/CMakeFiles/CMakeTmp'
Building C object CMakeFiles/cmTC_1eba6.dir/CheckSymbolExists.c.o
/usr/bin/cc   -O3 -DNDEBUG -o CMakeFiles/cmTC_1eba6.dir/CheckSymbolExists.c.o -c /home/wo4mei3/micclang/llvm-project/clang/build/CMakeFiles/CMakeTmp/CheckSymbolExists.c
Linking C executable cmTC_1eba6
/usr/bin/cmake -E cmake_link_script CMakeFiles/cmTC_1eba6.dir/link.txt --verbose=1
/usr/bin/cc -O3 -DNDEBUG CMakeFiles/cmTC_1eba6.dir/CheckSymbolExists.c.o -o cmTC_1eba6  -lm 
gmake[1]: Leaving directory '/home/wo4mei3/micclang/llvm-project/clang/build/CMakeFiles/CMakeTmp'


File /home/wo4mei3/micclang/llvm-project/clang/build/CMakeFiles/CMakeTmp/CheckSymbolExists.c:
/* */
#include <unistd.h>

int main(int argc, char** argv)
{
  (void)argv;
#ifndef sysconf
  return ((int*)(&sysconf))[argc];
#else
  (void)argc;
  return 0;
#endif
}
Determining if the getrusage exist passed with the following output:
Change Dir: /home/wo4mei3/micclang/llvm-project/clang/build/CMakeFiles/CMakeTmp

Run Build Command(s):/usr/bin/gmake -f Makefile cmTC_c5885/fast && /usr/bin/gmake  -f CMakeFiles/cmTC_c5885.dir/build.make CMakeFiles/cmTC_c5885.dir/build
gmake[1]: Entering directory '/home/wo4mei3/micclang/llvm-project/clang/build/CMakeFiles/CMakeTmp'
Building C object CMakeFiles/cmTC_c5885.dir/CheckSymbolExists.c.o
/usr/bin/cc   -O3 -DNDEBUG -o CMakeFiles/cmTC_c5885.dir/CheckSymbolExists.c.o -c /home/wo4mei3/micclang/llvm-project/clang/build/CMakeFiles/CMakeTmp/CheckSymbolExists.c
Linking C executable cmTC_c5885
/usr/bin/cmake -E cmake_link_script CMakeFiles/cmTC_c5885.dir/link.txt --verbose=1
/usr/bin/cc -O3 -DNDEBUG CMakeFiles/cmTC_c5885.dir/CheckSymbolExists.c.o -o cmTC_c5885  -lm 
gmake[1]: Leaving directory '/home/wo4mei3/micclang/llvm-project/clang/build/CMakeFiles/CMakeTmp'


File /home/wo4mei3/micclang/llvm-project/clang/build/CMakeFiles/CMakeTmp/CheckSymbolExists.c:
/* */
#include <sys/resource.h>

int main(int argc, char** argv)
{
  (void)argv;
#ifndef getrusage
  return ((int*)(&getrusage))[argc];
#else
  (void)argc;
  return 0;
#endif
}
Determining if the setrlimit exist passed with the following output:
Change Dir: /home/wo4mei3/micclang/llvm-project/clang/build/CMakeFiles/CMakeTmp

Run Build Command(s):/usr/bin/gmake -f Makefile cmTC_1bcc2/fast && /usr/bin/gmake  -f CMakeFiles/cmTC_1bcc2.dir/build.make CMakeFiles/cmTC_1bcc2.dir/build
gmake[1]: Entering directory '/home/wo4mei3/micclang/llvm-project/clang/build/CMakeFiles/CMakeTmp'
Building C object CMakeFiles/cmTC_1bcc2.dir/CheckSymbolExists.c.o
/usr/bin/cc   -O3 -DNDEBUG -o CMakeFiles/cmTC_1bcc2.dir/CheckSymbolExists.c.o -c /home/wo4mei3/micclang/llvm-project/clang/build/CMakeFiles/CMakeTmp/CheckSymbolExists.c
Linking C executable cmTC_1bcc2
/usr/bin/cmake -E cmake_link_script CMakeFiles/cmTC_1bcc2.dir/link.txt --verbose=1
/usr/bin/cc -O3 -DNDEBUG CMakeFiles/cmTC_1bcc2.dir/CheckSymbolExists.c.o -o cmTC_1bcc2  -lm 
gmake[1]: Leaving directory '/home/wo4mei3/micclang/llvm-project/clang/build/CMakeFiles/CMakeTmp'


File /home/wo4mei3/micclang/llvm-project/clang/build/CMakeFiles/CMakeTmp/CheckSymbolExists.c:
/* */
#include <sys/resource.h>

int main(int argc, char** argv)
{
  (void)argv;
#ifndef setrlimit
  return ((int*)(&setrlimit))[argc];
#else
  (void)argc;
  return 0;
#endif
}
Determining if the isatty exist passed with the following output:
Change Dir: /home/wo4mei3/micclang/llvm-project/clang/build/CMakeFiles/CMakeTmp

Run Build Command(s):/usr/bin/gmake -f Makefile cmTC_df4e7/fast && /usr/bin/gmake  -f CMakeFiles/cmTC_df4e7.dir/build.make CMakeFiles/cmTC_df4e7.dir/build
gmake[1]: Entering directory '/home/wo4mei3/micclang/llvm-project/clang/build/CMakeFiles/CMakeTmp'
Building C object CMakeFiles/cmTC_df4e7.dir/CheckSymbolExists.c.o
/usr/bin/cc   -O3 -DNDEBUG -o CMakeFiles/cmTC_df4e7.dir/CheckSymbolExists.c.o -c /home/wo4mei3/micclang/llvm-project/clang/build/CMakeFiles/CMakeTmp/CheckSymbolExists.c
Linking C executable cmTC_df4e7
/usr/bin/cmake -E cmake_link_script CMakeFiles/cmTC_df4e7.dir/link.txt --verbose=1
/usr/bin/cc -O3 -DNDEBUG CMakeFiles/cmTC_df4e7.dir/CheckSymbolExists.c.o -o cmTC_df4e7  -lm 
gmake[1]: Leaving directory '/home/wo4mei3/micclang/llvm-project/clang/build/CMakeFiles/CMakeTmp'


File /home/wo4mei3/micclang/llvm-project/clang/build/CMakeFiles/CMakeTmp/CheckSymbolExists.c:
/* */
#include <unistd.h>

int main(int argc, char** argv)
{
  (void)argv;
#ifndef isatty
  return ((int*)(&isatty))[argc];
#else
  (void)argc;
  return 0;
#endif
}
Determining if the futimens exist passed with the following output:
Change Dir: /home/wo4mei3/micclang/llvm-project/clang/build/CMakeFiles/CMakeTmp

Run Build Command(s):/usr/bin/gmake -f Makefile cmTC_2deac/fast && /usr/bin/gmake  -f CMakeFiles/cmTC_2deac.dir/build.make CMakeFiles/cmTC_2deac.dir/build
gmake[1]: Entering directory '/home/wo4mei3/micclang/llvm-project/clang/build/CMakeFiles/CMakeTmp'
Building C object CMakeFiles/cmTC_2deac.dir/CheckSymbolExists.c.o
/usr/bin/cc   -O3 -DNDEBUG -o CMakeFiles/cmTC_2deac.dir/CheckSymbolExists.c.o -c /home/wo4mei3/micclang/llvm-project/clang/build/CMakeFiles/CMakeTmp/CheckSymbolExists.c
Linking C executable cmTC_2deac
/usr/bin/cmake -E cmake_link_script CMakeFiles/cmTC_2deac.dir/link.txt --verbose=1
/usr/bin/cc -O3 -DNDEBUG CMakeFiles/cmTC_2deac.dir/CheckSymbolExists.c.o -o cmTC_2deac  -lm 
gmake[1]: Leaving directory '/home/wo4mei3/micclang/llvm-project/clang/build/CMakeFiles/CMakeTmp'


File /home/wo4mei3/micclang/llvm-project/clang/build/CMakeFiles/CMakeTmp/CheckSymbolExists.c:
/* */
#include <sys/stat.h>

int main(int argc, char** argv)
{
  (void)argv;
#ifndef futimens
  return ((int*)(&futimens))[argc];
#else
  (void)argc;
  return 0;
#endif
}
Determining if the futimes exist passed with the following output:
Change Dir: /home/wo4mei3/micclang/llvm-project/clang/build/CMakeFiles/CMakeTmp

Run Build Command(s):/usr/bin/gmake -f Makefile cmTC_a8572/fast && /usr/bin/gmake  -f CMakeFiles/cmTC_a8572.dir/build.make CMakeFiles/cmTC_a8572.dir/build
gmake[1]: Entering directory '/home/wo4mei3/micclang/llvm-project/clang/build/CMakeFiles/CMakeTmp'
Building C object CMakeFiles/cmTC_a8572.dir/CheckSymbolExists.c.o
/usr/bin/cc   -O3 -DNDEBUG -o CMakeFiles/cmTC_a8572.dir/CheckSymbolExists.c.o -c /home/wo4mei3/micclang/llvm-project/clang/build/CMakeFiles/CMakeTmp/CheckSymbolExists.c
Linking C executable cmTC_a8572
/usr/bin/cmake -E cmake_link_script CMakeFiles/cmTC_a8572.dir/link.txt --verbose=1
/usr/bin/cc -O3 -DNDEBUG CMakeFiles/cmTC_a8572.dir/CheckSymbolExists.c.o -o cmTC_a8572  -lm 
gmake[1]: Leaving directory '/home/wo4mei3/micclang/llvm-project/clang/build/CMakeFiles/CMakeTmp'


File /home/wo4mei3/micclang/llvm-project/clang/build/CMakeFiles/CMakeTmp/CheckSymbolExists.c:
/* */
#include <sys/time.h>

int main(int argc, char** argv)
{
  (void)argv;
#ifndef futimes
  return ((int*)(&futimes))[argc];
#else
  (void)argc;
  return 0;
#endif
}
Determining if the sigaltstack exist passed with the following output:
Change Dir: /home/wo4mei3/micclang/llvm-project/clang/build/CMakeFiles/CMakeTmp

Run Build Command(s):/usr/bin/gmake -f Makefile cmTC_00cb2/fast && /usr/bin/gmake  -f CMakeFiles/cmTC_00cb2.dir/build.make CMakeFiles/cmTC_00cb2.dir/build
gmake[1]: Entering directory '/home/wo4mei3/micclang/llvm-project/clang/build/CMakeFiles/CMakeTmp'
Building C object CMakeFiles/cmTC_00cb2.dir/CheckSymbolExists.c.o
/usr/bin/cc   -O3 -DNDEBUG -o CMakeFiles/cmTC_00cb2.dir/CheckSymbolExists.c.o -c /home/wo4mei3/micclang/llvm-project/clang/build/CMakeFiles/CMakeTmp/CheckSymbolExists.c
Linking C executable cmTC_00cb2
/usr/bin/cmake -E cmake_link_script CMakeFiles/cmTC_00cb2.dir/link.txt --verbose=1
/usr/bin/cc -O3 -DNDEBUG CMakeFiles/cmTC_00cb2.dir/CheckSymbolExists.c.o -o cmTC_00cb2  -lm 
gmake[1]: Leaving directory '/home/wo4mei3/micclang/llvm-project/clang/build/CMakeFiles/CMakeTmp'


File /home/wo4mei3/micclang/llvm-project/clang/build/CMakeFiles/CMakeTmp/CheckSymbolExists.c:
/* */
#include <signal.h>

int main(int argc, char** argv)
{
  (void)argv;
#ifndef sigaltstack
  return ((int*)(&sigaltstack))[argc];
#else
  (void)argc;
  return 0;
#endif
}
Determining if the mallinfo exist passed with the following output:
Change Dir: /home/wo4mei3/micclang/llvm-project/clang/build/CMakeFiles/CMakeTmp

Run Build Command(s):/usr/bin/gmake -f Makefile cmTC_787ca/fast && /usr/bin/gmake  -f CMakeFiles/cmTC_787ca.dir/build.make CMakeFiles/cmTC_787ca.dir/build
gmake[1]: Entering directory '/home/wo4mei3/micclang/llvm-project/clang/build/CMakeFiles/CMakeTmp'
Building C object CMakeFiles/cmTC_787ca.dir/CheckSymbolExists.c.o
/usr/bin/cc   -O3 -DNDEBUG -o CMakeFiles/cmTC_787ca.dir/CheckSymbolExists.c.o -c /home/wo4mei3/micclang/llvm-project/clang/build/CMakeFiles/CMakeTmp/CheckSymbolExists.c
/home/wo4mei3/micclang/llvm-project/clang/build/CMakeFiles/CMakeTmp/CheckSymbolExists.c: In function ‘main’:
/home/wo4mei3/micclang/llvm-project/clang/build/CMakeFiles/CMakeTmp/CheckSymbolExists.c:8:3: warning: ‘mallinfo’ is deprecated [-Wdeprecated-declarations]
    8 |   return ((int*)(&mallinfo))[argc];
      |   ^~~~~~
In file included from /home/wo4mei3/micclang/llvm-project/clang/build/CMakeFiles/CMakeTmp/CheckSymbolExists.c:2:
/usr/include/malloc.h:114:24: note: declared here
  114 | extern struct mallinfo mallinfo (void) __THROW __MALLOC_DEPRECATED;
      |                        ^~~~~~~~
Linking C executable cmTC_787ca
/usr/bin/cmake -E cmake_link_script CMakeFiles/cmTC_787ca.dir/link.txt --verbose=1
/usr/bin/cc -O3 -DNDEBUG CMakeFiles/cmTC_787ca.dir/CheckSymbolExists.c.o -o cmTC_787ca  -lm 
gmake[1]: Leaving directory '/home/wo4mei3/micclang/llvm-project/clang/build/CMakeFiles/CMakeTmp'


File /home/wo4mei3/micclang/llvm-project/clang/build/CMakeFiles/CMakeTmp/CheckSymbolExists.c:
/* */
#include <malloc.h>

int main(int argc, char** argv)
{
  (void)argv;
#ifndef mallinfo
  return ((int*)(&mallinfo))[argc];
#else
  (void)argc;
  return 0;
#endif
}
Determining if the mallinfo2 exist passed with the following output:
Change Dir: /home/wo4mei3/micclang/llvm-project/clang/build/CMakeFiles/CMakeTmp

Run Build Command(s):/usr/bin/gmake -f Makefile cmTC_48fb0/fast && /usr/bin/gmake  -f CMakeFiles/cmTC_48fb0.dir/build.make CMakeFiles/cmTC_48fb0.dir/build
gmake[1]: Entering directory '/home/wo4mei3/micclang/llvm-project/clang/build/CMakeFiles/CMakeTmp'
Building C object CMakeFiles/cmTC_48fb0.dir/CheckSymbolExists.c.o
/usr/bin/cc   -O3 -DNDEBUG -o CMakeFiles/cmTC_48fb0.dir/CheckSymbolExists.c.o -c /home/wo4mei3/micclang/llvm-project/clang/build/CMakeFiles/CMakeTmp/CheckSymbolExists.c
Linking C executable cmTC_48fb0
/usr/bin/cmake -E cmake_link_script CMakeFiles/cmTC_48fb0.dir/link.txt --verbose=1
/usr/bin/cc -O3 -DNDEBUG CMakeFiles/cmTC_48fb0.dir/CheckSymbolExists.c.o -o cmTC_48fb0  -lm 
gmake[1]: Leaving directory '/home/wo4mei3/micclang/llvm-project/clang/build/CMakeFiles/CMakeTmp'


File /home/wo4mei3/micclang/llvm-project/clang/build/CMakeFiles/CMakeTmp/CheckSymbolExists.c:
/* */
#include <malloc.h>

int main(int argc, char** argv)
{
  (void)argv;
#ifndef mallinfo2
  return ((int*)(&mallinfo2))[argc];
#else
  (void)argc;
  return 0;
#endif
}
Determining if the getrlimit exist passed with the following output:
Change Dir: /home/wo4mei3/micclang/llvm-project/clang/build/CMakeFiles/CMakeTmp

Run Build Command(s):/usr/bin/gmake -f Makefile cmTC_4b642/fast && /usr/bin/gmake  -f CMakeFiles/cmTC_4b642.dir/build.make CMakeFiles/cmTC_4b642.dir/build
gmake[1]: Entering directory '/home/wo4mei3/micclang/llvm-project/clang/build/CMakeFiles/CMakeTmp'
Building C object CMakeFiles/cmTC_4b642.dir/CheckSymbolExists.c.o
/usr/bin/cc   -O3 -DNDEBUG -o CMakeFiles/cmTC_4b642.dir/CheckSymbolExists.c.o -c /home/wo4mei3/micclang/llvm-project/clang/build/CMakeFiles/CMakeTmp/CheckSymbolExists.c
Linking C executable cmTC_4b642
/usr/bin/cmake -E cmake_link_script CMakeFiles/cmTC_4b642.dir/link.txt --verbose=1
/usr/bin/cc -O3 -DNDEBUG CMakeFiles/cmTC_4b642.dir/CheckSymbolExists.c.o -o cmTC_4b642  -lm 
gmake[1]: Leaving directory '/home/wo4mei3/micclang/llvm-project/clang/build/CMakeFiles/CMakeTmp'


File /home/wo4mei3/micclang/llvm-project/clang/build/CMakeFiles/CMakeTmp/CheckSymbolExists.c:
/* */
#include <sys/types.h>
#include <sys/time.h>
#include <sys/resource.h>

int main(int argc, char** argv)
{
  (void)argv;
#ifndef getrlimit
  return ((int*)(&getrlimit))[argc];
#else
  (void)argc;
  return 0;
#endif
}
Determining if the posix_spawn exist passed with the following output:
Change Dir: /home/wo4mei3/micclang/llvm-project/clang/build/CMakeFiles/CMakeTmp

Run Build Command(s):/usr/bin/gmake -f Makefile cmTC_a5ba6/fast && /usr/bin/gmake  -f CMakeFiles/cmTC_a5ba6.dir/build.make CMakeFiles/cmTC_a5ba6.dir/build
gmake[1]: Entering directory '/home/wo4mei3/micclang/llvm-project/clang/build/CMakeFiles/CMakeTmp'
Building C object CMakeFiles/cmTC_a5ba6.dir/CheckSymbolExists.c.o
/usr/bin/cc   -O3 -DNDEBUG -o CMakeFiles/cmTC_a5ba6.dir/CheckSymbolExists.c.o -c /home/wo4mei3/micclang/llvm-project/clang/build/CMakeFiles/CMakeTmp/CheckSymbolExists.c
Linking C executable cmTC_a5ba6
/usr/bin/cmake -E cmake_link_script CMakeFiles/cmTC_a5ba6.dir/link.txt --verbose=1
/usr/bin/cc -O3 -DNDEBUG CMakeFiles/cmTC_a5ba6.dir/CheckSymbolExists.c.o -o cmTC_a5ba6  -lm 
gmake[1]: Leaving directory '/home/wo4mei3/micclang/llvm-project/clang/build/CMakeFiles/CMakeTmp'


File /home/wo4mei3/micclang/llvm-project/clang/build/CMakeFiles/CMakeTmp/CheckSymbolExists.c:
/* */
#include <spawn.h>

int main(int argc, char** argv)
{
  (void)argv;
#ifndef posix_spawn
  return ((int*)(&posix_spawn))[argc];
#else
  (void)argc;
  return 0;
#endif
}
Determining if the pread exist passed with the following output:
Change Dir: /home/wo4mei3/micclang/llvm-project/clang/build/CMakeFiles/CMakeTmp

Run Build Command(s):/usr/bin/gmake -f Makefile cmTC_b316d/fast && /usr/bin/gmake  -f CMakeFiles/cmTC_b316d.dir/build.make CMakeFiles/cmTC_b316d.dir/build
gmake[1]: Entering directory '/home/wo4mei3/micclang/llvm-project/clang/build/CMakeFiles/CMakeTmp'
Building C object CMakeFiles/cmTC_b316d.dir/CheckSymbolExists.c.o
/usr/bin/cc   -O3 -DNDEBUG -o CMakeFiles/cmTC_b316d.dir/CheckSymbolExists.c.o -c /home/wo4mei3/micclang/llvm-project/clang/build/CMakeFiles/CMakeTmp/CheckSymbolExists.c
Linking C executable cmTC_b316d
/usr/bin/cmake -E cmake_link_script CMakeFiles/cmTC_b316d.dir/link.txt --verbose=1
/usr/bin/cc -O3 -DNDEBUG CMakeFiles/cmTC_b316d.dir/CheckSymbolExists.c.o -o cmTC_b316d  -lm 
gmake[1]: Leaving directory '/home/wo4mei3/micclang/llvm-project/clang/build/CMakeFiles/CMakeTmp'


File /home/wo4mei3/micclang/llvm-project/clang/build/CMakeFiles/CMakeTmp/CheckSymbolExists.c:
/* */
#include <unistd.h>

int main(int argc, char** argv)
{
  (void)argv;
#ifndef pread
  return ((int*)(&pread))[argc];
#else
  (void)argc;
  return 0;
#endif
}
Determining if the sbrk exist passed with the following output:
Change Dir: /home/wo4mei3/micclang/llvm-project/clang/build/CMakeFiles/CMakeTmp

Run Build Command(s):/usr/bin/gmake -f Makefile cmTC_2bc38/fast && /usr/bin/gmake  -f CMakeFiles/cmTC_2bc38.dir/build.make CMakeFiles/cmTC_2bc38.dir/build
gmake[1]: Entering directory '/home/wo4mei3/micclang/llvm-project/clang/build/CMakeFiles/CMakeTmp'
Building C object CMakeFiles/cmTC_2bc38.dir/CheckSymbolExists.c.o
/usr/bin/cc   -O3 -DNDEBUG -o CMakeFiles/cmTC_2bc38.dir/CheckSymbolExists.c.o -c /home/wo4mei3/micclang/llvm-project/clang/build/CMakeFiles/CMakeTmp/CheckSymbolExists.c
Linking C executable cmTC_2bc38
/usr/bin/cmake -E cmake_link_script CMakeFiles/cmTC_2bc38.dir/link.txt --verbose=1
/usr/bin/cc -O3 -DNDEBUG CMakeFiles/cmTC_2bc38.dir/CheckSymbolExists.c.o -o cmTC_2bc38  -lm 
gmake[1]: Leaving directory '/home/wo4mei3/micclang/llvm-project/clang/build/CMakeFiles/CMakeTmp'


File /home/wo4mei3/micclang/llvm-project/clang/build/CMakeFiles/CMakeTmp/CheckSymbolExists.c:
/* */
#include <unistd.h>

int main(int argc, char** argv)
{
  (void)argv;
#ifndef sbrk
  return ((int*)(&sbrk))[argc];
#else
  (void)argc;
  return 0;
#endif
}
Determining if the strerror_r exist passed with the following output:
Change Dir: /home/wo4mei3/micclang/llvm-project/clang/build/CMakeFiles/CMakeTmp

Run Build Command(s):/usr/bin/gmake -f Makefile cmTC_d3d9e/fast && /usr/bin/gmake  -f CMakeFiles/cmTC_d3d9e.dir/build.make CMakeFiles/cmTC_d3d9e.dir/build
gmake[1]: Entering directory '/home/wo4mei3/micclang/llvm-project/clang/build/CMakeFiles/CMakeTmp'
Building C object CMakeFiles/cmTC_d3d9e.dir/CheckSymbolExists.c.o
/usr/bin/cc   -O3 -DNDEBUG -o CMakeFiles/cmTC_d3d9e.dir/CheckSymbolExists.c.o -c /home/wo4mei3/micclang/llvm-project/clang/build/CMakeFiles/CMakeTmp/CheckSymbolExists.c
Linking C executable cmTC_d3d9e
/usr/bin/cmake -E cmake_link_script CMakeFiles/cmTC_d3d9e.dir/link.txt --verbose=1
/usr/bin/cc -O3 -DNDEBUG CMakeFiles/cmTC_d3d9e.dir/CheckSymbolExists.c.o -o cmTC_d3d9e  -lm 
gmake[1]: Leaving directory '/home/wo4mei3/micclang/llvm-project/clang/build/CMakeFiles/CMakeTmp'


File /home/wo4mei3/micclang/llvm-project/clang/build/CMakeFiles/CMakeTmp/CheckSymbolExists.c:
/* */
#include <string.h>

int main(int argc, char** argv)
{
  (void)argv;
#ifndef strerror_r
  return ((int*)(&strerror_r))[argc];
#else
  (void)argc;
  return 0;
#endif
}
Determining if the setenv exist passed with the following output:
Change Dir: /home/wo4mei3/micclang/llvm-project/clang/build/CMakeFiles/CMakeTmp

Run Build Command(s):/usr/bin/gmake -f Makefile cmTC_f3725/fast && /usr/bin/gmake  -f CMakeFiles/cmTC_f3725.dir/build.make CMakeFiles/cmTC_f3725.dir/build
gmake[1]: Entering directory '/home/wo4mei3/micclang/llvm-project/clang/build/CMakeFiles/CMakeTmp'
Building C object CMakeFiles/cmTC_f3725.dir/CheckSymbolExists.c.o
/usr/bin/cc   -O3 -DNDEBUG -o CMakeFiles/cmTC_f3725.dir/CheckSymbolExists.c.o -c /home/wo4mei3/micclang/llvm-project/clang/build/CMakeFiles/CMakeTmp/CheckSymbolExists.c
Linking C executable cmTC_f3725
/usr/bin/cmake -E cmake_link_script CMakeFiles/cmTC_f3725.dir/link.txt --verbose=1
/usr/bin/cc -O3 -DNDEBUG CMakeFiles/cmTC_f3725.dir/CheckSymbolExists.c.o -o cmTC_f3725  -lm 
gmake[1]: Leaving directory '/home/wo4mei3/micclang/llvm-project/clang/build/CMakeFiles/CMakeTmp'


File /home/wo4mei3/micclang/llvm-project/clang/build/CMakeFiles/CMakeTmp/CheckSymbolExists.c:
/* */
#include <stdlib.h>

int main(int argc, char** argv)
{
  (void)argv;
#ifndef setenv
  return ((int*)(&setenv))[argc];
#else
  (void)argc;
  return 0;
#endif
}
Performing C SOURCE FILE Test HAVE_STRUCT_STAT_ST_MTIM_TV_NSEC succeeded with the following output:
Change Dir: /home/wo4mei3/micclang/llvm-project/clang/build/CMakeFiles/CMakeTmp

Run Build Command(s):/usr/bin/gmake -f Makefile cmTC_efb2f/fast && /usr/bin/gmake  -f CMakeFiles/cmTC_efb2f.dir/build.make CMakeFiles/cmTC_efb2f.dir/build
gmake[1]: Entering directory '/home/wo4mei3/micclang/llvm-project/clang/build/CMakeFiles/CMakeTmp'
Building C object CMakeFiles/cmTC_efb2f.dir/src.c.o
/usr/bin/cc -DHAVE_STRUCT_STAT_ST_MTIM_TV_NSEC  -O3 -DNDEBUG -o CMakeFiles/cmTC_efb2f.dir/src.c.o -c /home/wo4mei3/micclang/llvm-project/clang/build/CMakeFiles/CMakeTmp/src.c
Linking C executable cmTC_efb2f
/usr/bin/cmake -E cmake_link_script CMakeFiles/cmTC_efb2f.dir/link.txt --verbose=1
/usr/bin/cc -O3 -DNDEBUG CMakeFiles/cmTC_efb2f.dir/src.c.o -o cmTC_efb2f  -lm 
gmake[1]: Leaving directory '/home/wo4mei3/micclang/llvm-project/clang/build/CMakeFiles/CMakeTmp'


Source file was:

#include <sys/types.h>
#include <sys/stat.h>

int main()
{
  (void)sizeof(((struct stat *)0)->st_mtim.tv_nsec);
  return 0;
}

Determining if the __GLIBC__ exist passed with the following output:
Change Dir: /home/wo4mei3/micclang/llvm-project/clang/build/CMakeFiles/CMakeTmp

Run Build Command(s):/usr/bin/gmake -f Makefile cmTC_26805/fast && /usr/bin/gmake  -f CMakeFiles/cmTC_26805.dir/build.make CMakeFiles/cmTC_26805.dir/build
gmake[1]: Entering directory '/home/wo4mei3/micclang/llvm-project/clang/build/CMakeFiles/CMakeTmp'
Building C object CMakeFiles/cmTC_26805.dir/CheckSymbolExists.c.o
/usr/bin/cc   -O3 -DNDEBUG -o CMakeFiles/cmTC_26805.dir/CheckSymbolExists.c.o -c /home/wo4mei3/micclang/llvm-project/clang/build/CMakeFiles/CMakeTmp/CheckSymbolExists.c
Linking C executable cmTC_26805
/usr/bin/cmake -E cmake_link_script CMakeFiles/cmTC_26805.dir/link.txt --verbose=1
/usr/bin/cc -O3 -DNDEBUG CMakeFiles/cmTC_26805.dir/CheckSymbolExists.c.o -o cmTC_26805  -lm 
gmake[1]: Leaving directory '/home/wo4mei3/micclang/llvm-project/clang/build/CMakeFiles/CMakeTmp'


File /home/wo4mei3/micclang/llvm-project/clang/build/CMakeFiles/CMakeTmp/CheckSymbolExists.c:
/* */
#include <stdio.h>

int main(int argc, char** argv)
{
  (void)argv;
#ifndef __GLIBC__
  return ((int*)(&__GLIBC__))[argc];
#else
  (void)argc;
  return 0;
#endif
}
Determining if the pthread_getname_np exist passed with the following output:
Change Dir: /home/wo4mei3/micclang/llvm-project/clang/build/CMakeFiles/CMakeTmp

Run Build Command(s):/usr/bin/gmake -f Makefile cmTC_10611/fast && /usr/bin/gmake  -f CMakeFiles/cmTC_10611.dir/build.make CMakeFiles/cmTC_10611.dir/build
gmake[1]: Entering directory '/home/wo4mei3/micclang/llvm-project/clang/build/CMakeFiles/CMakeTmp'
Building C object CMakeFiles/cmTC_10611.dir/CheckSymbolExists.c.o
/usr/bin/cc -D_GNU_SOURCE  -O3 -DNDEBUG -o CMakeFiles/cmTC_10611.dir/CheckSymbolExists.c.o -c /home/wo4mei3/micclang/llvm-project/clang/build/CMakeFiles/CMakeTmp/CheckSymbolExists.c
Linking C executable cmTC_10611
/usr/bin/cmake -E cmake_link_script CMakeFiles/cmTC_10611.dir/link.txt --verbose=1
/usr/bin/cc -O3 -DNDEBUG CMakeFiles/cmTC_10611.dir/CheckSymbolExists.c.o -o cmTC_10611  -lm 
gmake[1]: Leaving directory '/home/wo4mei3/micclang/llvm-project/clang/build/CMakeFiles/CMakeTmp'


File /home/wo4mei3/micclang/llvm-project/clang/build/CMakeFiles/CMakeTmp/CheckSymbolExists.c:
/* */
#include <pthread.h>

int main(int argc, char** argv)
{
  (void)argv;
#ifndef pthread_getname_np
  return ((int*)(&pthread_getname_np))[argc];
#else
  (void)argc;
  return 0;
#endif
}
Determining if the pthread_setname_np exist passed with the following output:
Change Dir: /home/wo4mei3/micclang/llvm-project/clang/build/CMakeFiles/CMakeTmp

Run Build Command(s):/usr/bin/gmake -f Makefile cmTC_d0a1f/fast && /usr/bin/gmake  -f CMakeFiles/cmTC_d0a1f.dir/build.make CMakeFiles/cmTC_d0a1f.dir/build
gmake[1]: Entering directory '/home/wo4mei3/micclang/llvm-project/clang/build/CMakeFiles/CMakeTmp'
Building C object CMakeFiles/cmTC_d0a1f.dir/CheckSymbolExists.c.o
/usr/bin/cc -D_GNU_SOURCE  -O3 -DNDEBUG -o CMakeFiles/cmTC_d0a1f.dir/CheckSymbolExists.c.o -c /home/wo4mei3/micclang/llvm-project/clang/build/CMakeFiles/CMakeTmp/CheckSymbolExists.c
Linking C executable cmTC_d0a1f
/usr/bin/cmake -E cmake_link_script CMakeFiles/cmTC_d0a1f.dir/link.txt --verbose=1
/usr/bin/cc -O3 -DNDEBUG CMakeFiles/cmTC_d0a1f.dir/CheckSymbolExists.c.o -o cmTC_d0a1f  -lm 
gmake[1]: Leaving directory '/home/wo4mei3/micclang/llvm-project/clang/build/CMakeFiles/CMakeTmp'


File /home/wo4mei3/micclang/llvm-project/clang/build/CMakeFiles/CMakeTmp/CheckSymbolExists.c:
/* */
#include <pthread.h>

int main(int argc, char** argv)
{
  (void)argv;
#ifndef pthread_setname_np
  return ((int*)(&pthread_setname_np))[argc];
#else
  (void)argc;
  return 0;
#endif
}
Determining if the dlopen exist passed with the following output:
Change Dir: /home/wo4mei3/micclang/llvm-project/clang/build/CMakeFiles/CMakeTmp

Run Build Command(s):/usr/bin/gmake -f Makefile cmTC_562ca/fast && /usr/bin/gmake  -f CMakeFiles/cmTC_562ca.dir/build.make CMakeFiles/cmTC_562ca.dir/build
gmake[1]: Entering directory '/home/wo4mei3/micclang/llvm-project/clang/build/CMakeFiles/CMakeTmp'
Building C object CMakeFiles/cmTC_562ca.dir/CheckSymbolExists.c.o
/usr/bin/cc -D_GNU_SOURCE  -O3 -DNDEBUG -o CMakeFiles/cmTC_562ca.dir/CheckSymbolExists.c.o -c /home/wo4mei3/micclang/llvm-project/clang/build/CMakeFiles/CMakeTmp/CheckSymbolExists.c
Linking C executable cmTC_562ca
/usr/bin/cmake -E cmake_link_script CMakeFiles/cmTC_562ca.dir/link.txt --verbose=1
/usr/bin/cc -O3 -DNDEBUG CMakeFiles/cmTC_562ca.dir/CheckSymbolExists.c.o -o cmTC_562ca  -lm -ldl 
gmake[1]: Leaving directory '/home/wo4mei3/micclang/llvm-project/clang/build/CMakeFiles/CMakeTmp'


File /home/wo4mei3/micclang/llvm-project/clang/build/CMakeFiles/CMakeTmp/CheckSymbolExists.c:
/* */
#include <dlfcn.h>

int main(int argc, char** argv)
{
  (void)argv;
#ifndef dlopen
  return ((int*)(&dlopen))[argc];
#else
  (void)argc;
  return 0;
#endif
}
Determining if the dladdr exist passed with the following output:
Change Dir: /home/wo4mei3/micclang/llvm-project/clang/build/CMakeFiles/CMakeTmp

Run Build Command(s):/usr/bin/gmake -f Makefile cmTC_93547/fast && /usr/bin/gmake  -f CMakeFiles/cmTC_93547.dir/build.make CMakeFiles/cmTC_93547.dir/build
gmake[1]: Entering directory '/home/wo4mei3/micclang/llvm-project/clang/build/CMakeFiles/CMakeTmp'
Building C object CMakeFiles/cmTC_93547.dir/CheckSymbolExists.c.o
/usr/bin/cc -D_GNU_SOURCE  -O3 -DNDEBUG -o CMakeFiles/cmTC_93547.dir/CheckSymbolExists.c.o -c /home/wo4mei3/micclang/llvm-project/clang/build/CMakeFiles/CMakeTmp/CheckSymbolExists.c
Linking C executable cmTC_93547
/usr/bin/cmake -E cmake_link_script CMakeFiles/cmTC_93547.dir/link.txt --verbose=1
/usr/bin/cc -O3 -DNDEBUG CMakeFiles/cmTC_93547.dir/CheckSymbolExists.c.o -o cmTC_93547  -lm -ldl 
gmake[1]: Leaving directory '/home/wo4mei3/micclang/llvm-project/clang/build/CMakeFiles/CMakeTmp'


File /home/wo4mei3/micclang/llvm-project/clang/build/CMakeFiles/CMakeTmp/CheckSymbolExists.c:
/* */
#include <dlfcn.h>

int main(int argc, char** argv)
{
  (void)argv;
#ifndef dladdr
  return ((int*)(&dladdr))[argc];
#else
  (void)argc;
  return 0;
#endif
}
Performing C++ SOURCE FILE Test HAVE_CXX_ATOMICS_WITHOUT_LIB succeeded with the following output:
Change Dir: /home/wo4mei3/micclang/llvm-project/clang/build/CMakeFiles/CMakeTmp

Run Build Command(s):/usr/bin/gmake -f Makefile cmTC_e123a/fast && /usr/bin/gmake  -f CMakeFiles/cmTC_e123a.dir/build.make CMakeFiles/cmTC_e123a.dir/build
gmake[1]: Entering directory '/home/wo4mei3/micclang/llvm-project/clang/build/CMakeFiles/CMakeTmp'
Building CXX object CMakeFiles/cmTC_e123a.dir/src.cxx.o
/usr/bin/c++ -DHAVE_CXX_ATOMICS_WITHOUT_LIB -D_GNU_SOURCE  -std=c++11 -O3 -DNDEBUG -std=c++17 -o CMakeFiles/cmTC_e123a.dir/src.cxx.o -c /home/wo4mei3/micclang/llvm-project/clang/build/CMakeFiles/CMakeTmp/src.cxx
Linking CXX executable cmTC_e123a
/usr/bin/cmake -E cmake_link_script CMakeFiles/cmTC_e123a.dir/link.txt --verbose=1
/usr/bin/c++   -std=c++11 -O3 -DNDEBUG CMakeFiles/cmTC_e123a.dir/src.cxx.o -o cmTC_e123a  -lm 
gmake[1]: Leaving directory '/home/wo4mei3/micclang/llvm-project/clang/build/CMakeFiles/CMakeTmp'


Source file was:

#include <atomic>
std::atomic<int> x;
std::atomic<short> y;
std::atomic<char> z;
int main() {
  ++z;
  ++y;
  return ++x;
}

Performing C++ SOURCE FILE Test HAVE_CXX_ATOMICS64_WITHOUT_LIB succeeded with the following output:
Change Dir: /home/wo4mei3/micclang/llvm-project/clang/build/CMakeFiles/CMakeTmp

Run Build Command(s):/usr/bin/gmake -f Makefile cmTC_9d6cb/fast && /usr/bin/gmake  -f CMakeFiles/cmTC_9d6cb.dir/build.make CMakeFiles/cmTC_9d6cb.dir/build
gmake[1]: Entering directory '/home/wo4mei3/micclang/llvm-project/clang/build/CMakeFiles/CMakeTmp'
Building CXX object CMakeFiles/cmTC_9d6cb.dir/src.cxx.o
/usr/bin/c++ -DHAVE_CXX_ATOMICS64_WITHOUT_LIB -D_GNU_SOURCE  -std=c++11 -O3 -DNDEBUG -std=c++17 -o CMakeFiles/cmTC_9d6cb.dir/src.cxx.o -c /home/wo4mei3/micclang/llvm-project/clang/build/CMakeFiles/CMakeTmp/src.cxx
Linking CXX executable cmTC_9d6cb
/usr/bin/cmake -E cmake_link_script CMakeFiles/cmTC_9d6cb.dir/link.txt --verbose=1
/usr/bin/c++  -std=c++11 -O3 -DNDEBUG CMakeFiles/cmTC_9d6cb.dir/src.cxx.o -o cmTC_9d6cb  -lm 
gmake[1]: Leaving directory '/home/wo4mei3/micclang/llvm-project/clang/build/CMakeFiles/CMakeTmp'


Source file was:

#include <atomic>
#include <cstdint>
std::atomic<uint64_t> x (0);
int main() {
  uint64_t i = x.load(std::memory_order_relaxed);
  (void)i;
  return 0;
}

Performing C++ SOURCE FILE Test LLVM_HAS_ATOMICS succeeded with the following output:
Change Dir: /home/wo4mei3/micclang/llvm-project/clang/build/CMakeFiles/CMakeTmp

Run Build Command(s):/usr/bin/gmake -f Makefile cmTC_f1c74/fast && /usr/bin/gmake  -f CMakeFiles/cmTC_f1c74.dir/build.make CMakeFiles/cmTC_f1c74.dir/build
gmake[1]: Entering directory '/home/wo4mei3/micclang/llvm-project/clang/build/CMakeFiles/CMakeTmp'
Building CXX object CMakeFiles/cmTC_f1c74.dir/src.cxx.o
/usr/bin/c++ -DLLVM_HAS_ATOMICS -D_GNU_SOURCE  -O3 -DNDEBUG -std=c++17 -o CMakeFiles/cmTC_f1c74.dir/src.cxx.o -c /home/wo4mei3/micclang/llvm-project/clang/build/CMakeFiles/CMakeTmp/src.cxx
Linking CXX executable cmTC_f1c74
/usr/bin/cmake -E cmake_link_script CMakeFiles/cmTC_f1c74.dir/link.txt --verbose=1
/usr/bin/c++ -O3 -DNDEBUG CMakeFiles/cmTC_f1c74.dir/src.cxx.o -o cmTC_f1c74  -lm 
gmake[1]: Leaving directory '/home/wo4mei3/micclang/llvm-project/clang/build/CMakeFiles/CMakeTmp'


Source file was:

#ifdef _MSC_VER
#include <windows.h>
#endif
int main() {
#ifdef _MSC_VER
        volatile LONG val = 1;
        MemoryBarrier();
        InterlockedCompareExchange(&val, 0, 1);
        InterlockedIncrement(&val);
        InterlockedDecrement(&val);
#else
        volatile unsigned long val = 1;
        __sync_synchronize();
        __sync_val_compare_and_swap(&val, 1, 0);
        __sync_add_and_fetch(&val, 1);
        __sync_sub_and_fetch(&val, 1);
#endif
        return 0;
      }

Performing C++ SOURCE FILE Test CXX_SUPPORTS_CUSTOM_LINKER succeeded with the following output:
Change Dir: /home/wo4mei3/micclang/llvm-project/clang/build/CMakeFiles/CMakeTmp

Run Build Command(s):/usr/bin/gmake -f Makefile cmTC_adf3e/fast && /usr/bin/gmake  -f CMakeFiles/cmTC_adf3e.dir/build.make CMakeFiles/cmTC_adf3e.dir/build
gmake[1]: Entering directory '/home/wo4mei3/micclang/llvm-project/clang/build/CMakeFiles/CMakeTmp'
Building CXX object CMakeFiles/cmTC_adf3e.dir/src.cxx.o
/usr/bin/c++ -DCXX_SUPPORTS_CUSTOM_LINKER -D_GNU_SOURCE  -O3 -DNDEBUG -std=c++17 -o CMakeFiles/cmTC_adf3e.dir/src.cxx.o -c /home/wo4mei3/micclang/llvm-project/clang/build/CMakeFiles/CMakeTmp/src.cxx
Linking CXX executable cmTC_adf3e
/usr/bin/cmake -E cmake_link_script CMakeFiles/cmTC_adf3e.dir/link.txt --verbose=1
/usr/bin/c++ -O3 -DNDEBUG  -fuse-ld=mold  CMakeFiles/cmTC_adf3e.dir/src.cxx.o -o cmTC_adf3e  -lm 
gmake[1]: Leaving directory '/home/wo4mei3/micclang/llvm-project/clang/build/CMakeFiles/CMakeTmp'


Source file was:
int main() { return 0; }
Performing C SOURCE FILE Test C_SUPPORTS_FPIC succeeded with the following output:
Change Dir: /home/wo4mei3/micclang/llvm-project/clang/build/CMakeFiles/CMakeTmp

Run Build Command(s):/usr/bin/gmake -f Makefile cmTC_e4314/fast && /usr/bin/gmake  -f CMakeFiles/cmTC_e4314.dir/build.make CMakeFiles/cmTC_e4314.dir/build
gmake[1]: Entering directory '/home/wo4mei3/micclang/llvm-project/clang/build/CMakeFiles/CMakeTmp'
Building C object CMakeFiles/cmTC_e4314.dir/src.c.o
/usr/bin/cc -DC_SUPPORTS_FPIC  -O3 -DNDEBUG   -Werror -fPIC -o CMakeFiles/cmTC_e4314.dir/src.c.o -c /home/wo4mei3/micclang/llvm-project/clang/build/CMakeFiles/CMakeTmp/src.c
Linking C executable cmTC_e4314
/usr/bin/cmake -E cmake_link_script CMakeFiles/cmTC_e4314.dir/link.txt --verbose=1
/usr/bin/cc -O3 -DNDEBUG  -fuse-ld=mold  CMakeFiles/cmTC_e4314.dir/src.c.o -o cmTC_e4314  -lm 
gmake[1]: Leaving directory '/home/wo4mei3/micclang/llvm-project/clang/build/CMakeFiles/CMakeTmp'


Source file was:
int main(void) { return 0; }
Performing C++ SOURCE FILE Test CXX_SUPPORTS_FPIC succeeded with the following output:
Change Dir: /home/wo4mei3/micclang/llvm-project/clang/build/CMakeFiles/CMakeTmp

Run Build Command(s):/usr/bin/gmake -f Makefile cmTC_736a2/fast && /usr/bin/gmake  -f CMakeFiles/cmTC_736a2.dir/build.make CMakeFiles/cmTC_736a2.dir/build
gmake[1]: Entering directory '/home/wo4mei3/micclang/llvm-project/clang/build/CMakeFiles/CMakeTmp'
Building CXX object CMakeFiles/cmTC_736a2.dir/src.cxx.o
/usr/bin/c++ -DCXX_SUPPORTS_FPIC  -O3 -DNDEBUG   -Werror -fPIC -std=c++17 -o CMakeFiles/cmTC_736a2.dir/src.cxx.o -c /home/wo4mei3/micclang/llvm-project/clang/build/CMakeFiles/CMakeTmp/src.cxx
Linking CXX executable cmTC_736a2
/usr/bin/cmake -E cmake_link_script CMakeFiles/cmTC_736a2.dir/link.txt --verbose=1
/usr/bin/c++ -O3 -DNDEBUG  -fuse-ld=mold  CMakeFiles/cmTC_736a2.dir/src.cxx.o -o cmTC_736a2  -lm 
gmake[1]: Leaving directory '/home/wo4mei3/micclang/llvm-project/clang/build/CMakeFiles/CMakeTmp'


Source file was:
int main() { return 0; }
Performing C SOURCE FILE Test C_SUPPORTS_FNO_SEMANTIC_INTERPOSITION succeeded with the following output:
Change Dir: /home/wo4mei3/micclang/llvm-project/clang/build/CMakeFiles/CMakeTmp

Run Build Command(s):/usr/bin/gmake -f Makefile cmTC_0da44/fast && /usr/bin/gmake  -f CMakeFiles/cmTC_0da44.dir/build.make CMakeFiles/cmTC_0da44.dir/build
gmake[1]: Entering directory '/home/wo4mei3/micclang/llvm-project/clang/build/CMakeFiles/CMakeTmp'
Building C object CMakeFiles/cmTC_0da44.dir/src.c.o
/usr/bin/cc -DC_SUPPORTS_FNO_SEMANTIC_INTERPOSITION  -fPIC  -O3 -DNDEBUG   -Werror -fno-semantic-interposition -o CMakeFiles/cmTC_0da44.dir/src.c.o -c /home/wo4mei3/micclang/llvm-project/clang/build/CMakeFiles/CMakeTmp/src.c
Linking C executable cmTC_0da44
/usr/bin/cmake -E cmake_link_script CMakeFiles/cmTC_0da44.dir/link.txt --verbose=1
/usr/bin/cc  -fPIC  -O3 -DNDEBUG  -fuse-ld=mold  CMakeFiles/cmTC_0da44.dir/src.c.o -o cmTC_0da44  -lm 
gmake[1]: Leaving directory '/home/wo4mei3/micclang/llvm-project/clang/build/CMakeFiles/CMakeTmp'


Source file was:
int main(void) { return 0; }
Performing C++ SOURCE FILE Test CXX_SUPPORTS_FNO_SEMANTIC_INTERPOSITION succeeded with the following output:
Change Dir: /home/wo4mei3/micclang/llvm-project/clang/build/CMakeFiles/CMakeTmp

Run Build Command(s):/usr/bin/gmake -f Makefile cmTC_a4cad/fast && /usr/bin/gmake  -f CMakeFiles/cmTC_a4cad.dir/build.make CMakeFiles/cmTC_a4cad.dir/build
gmake[1]: Entering directory '/home/wo4mei3/micclang/llvm-project/clang/build/CMakeFiles/CMakeTmp'
Building CXX object CMakeFiles/cmTC_a4cad.dir/src.cxx.o
/usr/bin/c++ -DCXX_SUPPORTS_FNO_SEMANTIC_INTERPOSITION  -fPIC  -O3 -DNDEBUG   -Werror -fno-semantic-interposition -std=c++17 -o CMakeFiles/cmTC_a4cad.dir/src.cxx.o -c /home/wo4mei3/micclang/llvm-project/clang/build/CMakeFiles/CMakeTmp/src.cxx
Linking CXX executable cmTC_a4cad
/usr/bin/cmake -E cmake_link_script CMakeFiles/cmTC_a4cad.dir/link.txt --verbose=1
/usr/bin/c++  -fPIC  -O3 -DNDEBUG  -fuse-ld=mold  CMakeFiles/cmTC_a4cad.dir/src.cxx.o -o cmTC_a4cad  -lm 
gmake[1]: Leaving directory '/home/wo4mei3/micclang/llvm-project/clang/build/CMakeFiles/CMakeTmp'


Source file was:
int main() { return 0; }
Performing C++ SOURCE FILE Test SUPPORTS_FVISIBILITY_INLINES_HIDDEN_FLAG succeeded with the following output:
Change Dir: /home/wo4mei3/micclang/llvm-project/clang/build/CMakeFiles/CMakeTmp

Run Build Command(s):/usr/bin/gmake -f Makefile cmTC_281ba/fast && /usr/bin/gmake  -f CMakeFiles/cmTC_281ba.dir/build.make CMakeFiles/cmTC_281ba.dir/build
gmake[1]: Entering directory '/home/wo4mei3/micclang/llvm-project/clang/build/CMakeFiles/CMakeTmp'
Building CXX object CMakeFiles/cmTC_281ba.dir/src.cxx.o
/usr/bin/c++ -DSUPPORTS_FVISIBILITY_INLINES_HIDDEN_FLAG  -fPIC -fno-semantic-interposition  -O3 -DNDEBUG   -fvisibility-inlines-hidden -std=c++17 -o CMakeFiles/cmTC_281ba.dir/src.cxx.o -c /home/wo4mei3/micclang/llvm-project/clang/build/CMakeFiles/CMakeTmp/src.cxx
Linking CXX executable cmTC_281ba
/usr/bin/cmake -E cmake_link_script CMakeFiles/cmTC_281ba.dir/link.txt --verbose=1
/usr/bin/c++  -fPIC -fno-semantic-interposition  -O3 -DNDEBUG  -fuse-ld=mold  CMakeFiles/cmTC_281ba.dir/src.cxx.o -o cmTC_281ba  -lm 
gmake[1]: Leaving directory '/home/wo4mei3/micclang/llvm-project/clang/build/CMakeFiles/CMakeTmp'


Source file was:
int main() { return 0; }
Performing C++ SOURCE FILE Test CXX_SUPPORTS_SUGGEST_OVERRIDE_FLAG succeeded with the following output:
Change Dir: /home/wo4mei3/micclang/llvm-project/clang/build/CMakeFiles/CMakeTmp

Run Build Command(s):/usr/bin/gmake -f Makefile cmTC_2ae6f/fast && /usr/bin/gmake  -f CMakeFiles/cmTC_2ae6f.dir/build.make CMakeFiles/cmTC_2ae6f.dir/build
gmake[1]: Entering directory '/home/wo4mei3/micclang/llvm-project/clang/build/CMakeFiles/CMakeTmp'
Building CXX object CMakeFiles/cmTC_2ae6f.dir/src.cxx.o
/usr/bin/c++ -DCXX_SUPPORTS_SUGGEST_OVERRIDE_FLAG  -fPIC -fno-semantic-interposition -fvisibility-inlines-hidden -Werror=date-time -fno-lifetime-dse -Wall -Wextra -Wno-unused-parameter -Wwrite-strings -Wcast-qual -Wno-missing-field-initializers -pedantic -Wno-long-long -Wimplicit-fallthrough -Wno-uninitialized -Wno-nonnull -Wno-class-memaccess -Wno-redundant-move -Wno-pessimizing-move -Wno-noexcept-type -Wdelete-non-virtual-dtor  -O3 -DNDEBUG   -Wsuggest-override -std=c++17 -o CMakeFiles/cmTC_2ae6f.dir/src.cxx.o -c /home/wo4mei3/micclang/llvm-project/clang/build/CMakeFiles/CMakeTmp/src.cxx
Linking CXX executable cmTC_2ae6f
/usr/bin/cmake -E cmake_link_script CMakeFiles/cmTC_2ae6f.dir/link.txt --verbose=1
/usr/bin/c++  -fPIC -fno-semantic-interposition -fvisibility-inlines-hidden -Werror=date-time -fno-lifetime-dse -Wall -Wextra -Wno-unused-parameter -Wwrite-strings -Wcast-qual -Wno-missing-field-initializers -pedantic -Wno-long-long -Wimplicit-fallthrough -Wno-uninitialized -Wno-nonnull -Wno-class-memaccess -Wno-redundant-move -Wno-pessimizing-move -Wno-noexcept-type -Wdelete-non-virtual-dtor  -O3 -DNDEBUG  -fuse-ld=mold  CMakeFiles/cmTC_2ae6f.dir/src.cxx.o -o cmTC_2ae6f  -lm 
gmake[1]: Leaving directory '/home/wo4mei3/micclang/llvm-project/clang/build/CMakeFiles/CMakeTmp'


Source file was:
int main() { return 0; }
Performing C++ SOURCE FILE Test CXX_WSUGGEST_OVERRIDE_ALLOWS_ONLY_FINAL succeeded with the following output:
Change Dir: /home/wo4mei3/micclang/llvm-project/clang/build/CMakeFiles/CMakeTmp

Run Build Command(s):/usr/bin/gmake -f Makefile cmTC_940c0/fast && /usr/bin/gmake  -f CMakeFiles/cmTC_940c0.dir/build.make CMakeFiles/cmTC_940c0.dir/build
gmake[1]: Entering directory '/home/wo4mei3/micclang/llvm-project/clang/build/CMakeFiles/CMakeTmp'
Building CXX object CMakeFiles/cmTC_940c0.dir/src.cxx.o
/usr/bin/c++ -DCXX_WSUGGEST_OVERRIDE_ALLOWS_ONLY_FINAL -D_GNU_SOURCE  -fPIC -fno-semantic-interposition -fvisibility-inlines-hidden -Werror=date-time -fno-lifetime-dse -Wall -Wextra -Wno-unused-parameter -Wwrite-strings -Wcast-qual -Wno-missing-field-initializers -pedantic -Wno-long-long -Wimplicit-fallthrough -Wno-uninitialized -Wno-nonnull -Wno-class-memaccess -Wno-redundant-move -Wno-pessimizing-move -Wno-noexcept-type -Wdelete-non-virtual-dtor  -Werror=suggest-override -O3 -DNDEBUG -std=c++17 -o CMakeFiles/cmTC_940c0.dir/src.cxx.o -c /home/wo4mei3/micclang/llvm-project/clang/build/CMakeFiles/CMakeTmp/src.cxx
Linking CXX executable cmTC_940c0
/usr/bin/cmake -E cmake_link_script CMakeFiles/cmTC_940c0.dir/link.txt --verbose=1
/usr/bin/c++  -fPIC -fno-semantic-interposition -fvisibility-inlines-hidden -Werror=date-time -fno-lifetime-dse -Wall -Wextra -Wno-unused-parameter -Wwrite-strings -Wcast-qual -Wno-missing-field-initializers -pedantic -Wno-long-long -Wimplicit-fallthrough -Wno-uninitialized -Wno-nonnull -Wno-class-memaccess -Wno-redundant-move -Wno-pessimizing-move -Wno-noexcept-type -Wdelete-non-virtual-dtor  -Werror=suggest-override -O3 -DNDEBUG  -fuse-ld=mold  CMakeFiles/cmTC_940c0.dir/src.cxx.o -o cmTC_940c0  -lm 
gmake[1]: Leaving directory '/home/wo4mei3/micclang/llvm-project/clang/build/CMakeFiles/CMakeTmp'


Source file was:
class base {public: virtual void anchor();};
                               class derived : base {public: void anchor() final;};
                               int main() { return 0; }
Performing C++ SOURCE FILE Test CXX_SUPPORTS_CTAD_MAYBE_UNSPPORTED_FLAG succeeded with the following output:
Change Dir: /home/wo4mei3/micclang/llvm-project/clang/build/CMakeFiles/CMakeTmp

Run Build Command(s):/usr/bin/gmake -f Makefile cmTC_edf93/fast && /usr/bin/gmake  -f CMakeFiles/cmTC_edf93.dir/build.make CMakeFiles/cmTC_edf93.dir/build
gmake[1]: Entering directory '/home/wo4mei3/micclang/llvm-project/clang/build/CMakeFiles/CMakeTmp'
Building CXX object CMakeFiles/cmTC_edf93.dir/src.cxx.o
/usr/bin/c++ -DCXX_SUPPORTS_CTAD_MAYBE_UNSPPORTED_FLAG  -fPIC -fno-semantic-interposition -fvisibility-inlines-hidden -Werror=date-time -fno-lifetime-dse -Wall -Wextra -Wno-unused-parameter -Wwrite-strings -Wcast-qual -Wno-missing-field-initializers -pedantic -Wno-long-long -Wimplicit-fallthrough -Wno-uninitialized -Wno-nonnull -Wno-class-memaccess -Wno-redundant-move -Wno-pessimizing-move -Wno-noexcept-type -Wdelete-non-virtual-dtor -Wsuggest-override -Wno-comment -Wno-misleading-indentation  -O3 -DNDEBUG   -Werror -Wctad-maybe-unsupported -std=c++17 -o CMakeFiles/cmTC_edf93.dir/src.cxx.o -c /home/wo4mei3/micclang/llvm-project/clang/build/CMakeFiles/CMakeTmp/src.cxx
Linking CXX executable cmTC_edf93
/usr/bin/cmake -E cmake_link_script CMakeFiles/cmTC_edf93.dir/link.txt --verbose=1
/usr/bin/c++  -fPIC -fno-semantic-interposition -fvisibility-inlines-hidden -Werror=date-time -fno-lifetime-dse -Wall -Wextra -Wno-unused-parameter -Wwrite-strings -Wcast-qual -Wno-missing-field-initializers -pedantic -Wno-long-long -Wimplicit-fallthrough -Wno-uninitialized -Wno-nonnull -Wno-class-memaccess -Wno-redundant-move -Wno-pessimizing-move -Wno-noexcept-type -Wdelete-non-virtual-dtor -Wsuggest-override -Wno-comment -Wno-misleading-indentation  -O3 -DNDEBUG  -fuse-ld=mold  CMakeFiles/cmTC_edf93.dir/src.cxx.o -o cmTC_edf93  -lm 
gmake[1]: Leaving directory '/home/wo4mei3/micclang/llvm-project/clang/build/CMakeFiles/CMakeTmp'


Source file was:
int main() { return 0; }
Determining if the __x86_64__ exist passed with the following output:
Change Dir: /home/wo4mei3/micclang/llvm-project/clang/build/CMakeFiles/CMakeTmp

Run Build Command(s):/usr/bin/gmake -f Makefile cmTC_30638/fast && /usr/bin/gmake  -f CMakeFiles/cmTC_30638.dir/build.make CMakeFiles/cmTC_30638.dir/build
gmake[1]: Entering directory '/home/wo4mei3/micclang/llvm-project/clang/build/CMakeFiles/CMakeTmp'
Building C object CMakeFiles/cmTC_30638.dir/CheckSymbolExists.c.o
/usr/bin/cc -D_GNU_SOURCE  -fPIC -fno-semantic-interposition -fno-lifetime-dse -Wall -Wextra -Wno-unused-parameter -Wwrite-strings -Wcast-qual -Wno-missing-field-initializers -pedantic -Wno-long-long -Wimplicit-fallthrough -Wno-comment -ffunction-sections -fdata-sections  -O3 -DNDEBUG -o CMakeFiles/cmTC_30638.dir/CheckSymbolExists.c.o -c /home/wo4mei3/micclang/llvm-project/clang/build/CMakeFiles/CMakeTmp/CheckSymbolExists.c
Linking C executable cmTC_30638
/usr/bin/cmake -E cmake_link_script CMakeFiles/cmTC_30638.dir/link.txt --verbose=1
/usr/bin/cc  -fPIC -fno-semantic-interposition -fno-lifetime-dse -Wall -Wextra -Wno-unused-parameter -Wwrite-strings -Wcast-qual -Wno-missing-field-initializers -pedantic -Wno-long-long -Wimplicit-fallthrough -Wno-comment -ffunction-sections -fdata-sections  -O3 -DNDEBUG  -fuse-ld=mold  CMakeFiles/cmTC_30638.dir/CheckSymbolExists.c.o -o cmTC_30638  -lm 
gmake[1]: Leaving directory '/home/wo4mei3/micclang/llvm-project/clang/build/CMakeFiles/CMakeTmp'


File /home/wo4mei3/micclang/llvm-project/clang/build/CMakeFiles/CMakeTmp/CheckSymbolExists.c:
/* */

int main(int argc, char** argv)
{
  (void)argv;
#ifndef __x86_64__
  return ((int*)(&__x86_64__))[argc];
#else
  (void)argc;
  return 0;
#endif
}
Determining if the logf128 exist passed with the following output:
Change Dir: /home/wo4mei3/micclang/llvm-project/clang/build/CMakeFiles/CMakeTmp

Run Build Command(s):/usr/bin/gmake -f Makefile cmTC_9ebfb/fast && /usr/bin/gmake  -f CMakeFiles/cmTC_9ebfb.dir/build.make CMakeFiles/cmTC_9ebfb.dir/build
gmake[1]: Entering directory '/home/wo4mei3/micclang/llvm-project/clang/build/CMakeFiles/CMakeTmp'
Building CXX object CMakeFiles/cmTC_9ebfb.dir/CheckSymbolExists.cxx.o
/usr/bin/c++ -D_GNU_SOURCE  -fPIC -fno-semantic-interposition -fvisibility-inlines-hidden -Werror=date-time -fno-lifetime-dse -Wall -Wextra -Wno-unused-parameter -Wwrite-strings -Wcast-qual -Wno-missing-field-initializers -pedantic -Wno-long-long -Wimplicit-fallthrough -Wno-uninitialized -Wno-nonnull -Wno-class-memaccess -Wno-redundant-move -Wno-pessimizing-move -Wno-noexcept-type -Wdelete-non-virtual-dtor -Wsuggest-override -Wno-comment -Wno-misleading-indentation -Wctad-maybe-unsupported -ffunction-sections -fdata-sections  -O3 -DNDEBUG -std=c++17 -o CMakeFiles/cmTC_9ebfb.dir/CheckSymbolExists.cxx.o -c /home/wo4mei3/micclang/llvm-project/clang/build/CMakeFiles/CMakeTmp/CheckSymbolExists.cxx
Linking CXX executable cmTC_9ebfb
/usr/bin/cmake -E cmake_link_script CMakeFiles/cmTC_9ebfb.dir/link.txt --verbose=1
/usr/bin/c++  -fPIC -fno-semantic-interposition -fvisibility-inlines-hidden -Werror=date-time -fno-lifetime-dse -Wall -Wextra -Wno-unused-parameter -Wwrite-strings -Wcast-qual -Wno-missing-field-initializers -pedantic -Wno-long-long -Wimplicit-fallthrough -Wno-uninitialized -Wno-nonnull -Wno-class-memaccess -Wno-redundant-move -Wno-pessimizing-move -Wno-noexcept-type -Wdelete-non-virtual-dtor -Wsuggest-override -Wno-comment -Wno-misleading-indentation -Wctad-maybe-unsupported -ffunction-sections -fdata-sections  -O3 -DNDEBUG  -fuse-ld=mold  CMakeFiles/cmTC_9ebfb.dir/CheckSymbolExists.cxx.o -o cmTC_9ebfb  -lm 
gmake[1]: Leaving directory '/home/wo4mei3/micclang/llvm-project/clang/build/CMakeFiles/CMakeTmp'


File /home/wo4mei3/micclang/llvm-project/clang/build/CMakeFiles/CMakeTmp/CheckSymbolExists.cxx:
/* */
#include <math.h>

int main(int argc, char** argv)
{
  (void)argv;
#ifndef logf128
  return ((int*)(&logf128))[argc];
#else
  (void)argc;
  return 0;
#endif
}
Determining if the include file sys/resource.h exists passed with the following output:
Change Dir: /home/wo4mei3/micclang/llvm-project/clang/build/CMakeFiles/CMakeTmp

Run Build Command(s):/usr/bin/gmake -f Makefile cmTC_e5d19/fast && /usr/bin/gmake  -f CMakeFiles/cmTC_e5d19.dir/build.make CMakeFiles/cmTC_e5d19.dir/build
gmake[1]: Entering directory '/home/wo4mei3/micclang/llvm-project/clang/build/CMakeFiles/CMakeTmp'
Building C object CMakeFiles/cmTC_e5d19.dir/CheckIncludeFile.c.o
/usr/bin/cc -D_GNU_SOURCE  -fPIC -fno-semantic-interposition -Werror=date-time -fno-lifetime-dse -Wall -Wextra -Wno-unused-parameter -Wwrite-strings -Wcast-qual -Wno-missing-field-initializers -pedantic -Wno-long-long -Wimplicit-fallthrough -Wno-comment -ffunction-sections -fdata-sections  -O3 -DNDEBUG -o CMakeFiles/cmTC_e5d19.dir/CheckIncludeFile.c.o -c /home/wo4mei3/micclang/llvm-project/clang/build/CMakeFiles/CMakeTmp/CheckIncludeFile.c
Linking C executable cmTC_e5d19
/usr/bin/cmake -E cmake_link_script CMakeFiles/cmTC_e5d19.dir/link.txt --verbose=1
/usr/bin/cc  -fPIC -fno-semantic-interposition -Werror=date-time -fno-lifetime-dse -Wall -Wextra -Wno-unused-parameter -Wwrite-strings -Wcast-qual -Wno-missing-field-initializers -pedantic -Wno-long-long -Wimplicit-fallthrough -Wno-comment -ffunction-sections -fdata-sections  -O3 -DNDEBUG  -fuse-ld=mold  CMakeFiles/cmTC_e5d19.dir/CheckIncludeFile.c.o -o cmTC_e5d19  -lm 
gmake[1]: Leaving directory '/home/wo4mei3/micclang/llvm-project/clang/build/CMakeFiles/CMakeTmp'



Determining if the include file dlfcn.h exists passed with the following output:
Change Dir: /home/wo4mei3/micclang/llvm-project/clang/build/CMakeFiles/CMakeTmp

Run Build Command(s):/usr/bin/gmake -f Makefile cmTC_e421c/fast && /usr/bin/gmake  -f CMakeFiles/cmTC_e421c.dir/build.make CMakeFiles/cmTC_e421c.dir/build
gmake[1]: Entering directory '/home/wo4mei3/micclang/llvm-project/clang/build/CMakeFiles/CMakeTmp'
Building C object CMakeFiles/cmTC_e421c.dir/CheckIncludeFile.c.o
/usr/bin/cc -D_GNU_SOURCE  -fPIC -fno-semantic-interposition -Werror=date-time -fno-lifetime-dse -Wall -Wextra -Wno-unused-parameter -Wwrite-strings -Wcast-qual -Wno-missing-field-initializers -pedantic -Wno-long-long -Wimplicit-fallthrough -Wno-comment -ffunction-sections -fdata-sections  -O3 -DNDEBUG -o CMakeFiles/cmTC_e421c.dir/CheckIncludeFile.c.o -c /home/wo4mei3/micclang/llvm-project/clang/build/CMakeFiles/CMakeTmp/CheckIncludeFile.c
Linking C executable cmTC_e421c
/usr/bin/cmake -E cmake_link_script CMakeFiles/cmTC_e421c.dir/link.txt --verbose=1
/usr/bin/cc  -fPIC -fno-semantic-interposition -Werror=date-time -fno-lifetime-dse -Wall -Wextra -Wno-unused-parameter -Wwrite-strings -Wcast-qual -Wno-missing-field-initializers -pedantic -Wno-long-long -Wimplicit-fallthrough -Wno-comment -ffunction-sections -fdata-sections  -O3 -DNDEBUG  -fuse-ld=mold  CMakeFiles/cmTC_e421c.dir/CheckIncludeFile.c.o -o cmTC_e421c  -lm 
gmake[1]: Leaving directory '/home/wo4mei3/micclang/llvm-project/clang/build/CMakeFiles/CMakeTmp'



Determining if the dladdr exist passed with the following output:
Change Dir: /home/wo4mei3/micclang/llvm-project/clang/build/CMakeFiles/CMakeTmp

Run Build Command(s):/usr/bin/gmake -f Makefile cmTC_68c8a/fast && /usr/bin/gmake  -f CMakeFiles/cmTC_68c8a.dir/build.make CMakeFiles/cmTC_68c8a.dir/build
gmake[1]: Entering directory '/home/wo4mei3/micclang/llvm-project/clang/build/CMakeFiles/CMakeTmp'
Building C object CMakeFiles/cmTC_68c8a.dir/CheckSymbolExists.c.o
/usr/bin/cc -D_GNU_SOURCE  -fPIC -fno-semantic-interposition -fno-lifetime-dse -Wall -Wextra -Wno-unused-parameter -Wwrite-strings -Wcast-qual -Wno-missing-field-initializers -pedantic -Wno-long-long -Wimplicit-fallthrough -Wno-comment -ffunction-sections -fdata-sections  -O3 -DNDEBUG -o CMakeFiles/cmTC_68c8a.dir/CheckSymbolExists.c.o -c /home/wo4mei3/micclang/llvm-project/clang/build/CMakeFiles/CMakeTmp/CheckSymbolExists.c
/home/wo4mei3/micclang/llvm-project/clang/build/CMakeFiles/CMakeTmp/CheckSymbolExists.c: In function ‘main’:
/home/wo4mei3/micclang/llvm-project/clang/build/CMakeFiles/CMakeTmp/CheckSymbolExists.c:8:11: warning: ISO C forbids conversion of function pointer to object pointer type [-Wpedantic]
    8 |   return ((int*)(&dladdr))[argc];
      |           ^
Linking C executable cmTC_68c8a
/usr/bin/cmake -E cmake_link_script CMakeFiles/cmTC_68c8a.dir/link.txt --verbose=1
/usr/bin/cc  -fPIC -fno-semantic-interposition -fno-lifetime-dse -Wall -Wextra -Wno-unused-parameter -Wwrite-strings -Wcast-qual -Wno-missing-field-initializers -pedantic -Wno-long-long -Wimplicit-fallthrough -Wno-comment -ffunction-sections -fdata-sections  -O3 -DNDEBUG  -fuse-ld=mold  CMakeFiles/cmTC_68c8a.dir/CheckSymbolExists.c.o -o cmTC_68c8a  -lm -ldl 
gmake[1]: Leaving directory '/home/wo4mei3/micclang/llvm-project/clang/build/CMakeFiles/CMakeTmp'


File /home/wo4mei3/micclang/llvm-project/clang/build/CMakeFiles/CMakeTmp/CheckSymbolExists.c:
/* */
#include <dlfcn.h>

int main(int argc, char** argv)
{
  (void)argv;
#ifndef dladdr
  return ((int*)(&dladdr))[argc];
#else
  (void)argc;
  return 0;
#endif
}
Determining if files sys/inotify.h exist passed with the following output:
Change Dir: /home/wo4mei3/micclang/llvm-project/clang/build/CMakeFiles/CMakeTmp

Run Build Command(s):/usr/bin/gmake -f Makefile cmTC_2f7f5/fast && /usr/bin/gmake  -f CMakeFiles/cmTC_2f7f5.dir/build.make CMakeFiles/cmTC_2f7f5.dir/build
gmake[1]: Entering directory '/home/wo4mei3/micclang/llvm-project/clang/build/CMakeFiles/CMakeTmp'
Building C object CMakeFiles/cmTC_2f7f5.dir/HAVE_INOTIFY.c.o
/usr/bin/cc   -fPIC -fno-semantic-interposition -Werror=date-time -fno-lifetime-dse -Wall -Wextra -Wno-unused-parameter -Wwrite-strings -Wcast-qual -Wno-missing-field-initializers -pedantic -Wno-long-long -Wimplicit-fallthrough -Wno-comment -ffunction-sections -fdata-sections  -O3 -DNDEBUG -o CMakeFiles/cmTC_2f7f5.dir/HAVE_INOTIFY.c.o -c /home/wo4mei3/micclang/llvm-project/clang/build/CMakeFiles/CheckIncludeFiles/HAVE_INOTIFY.c
Linking C executable cmTC_2f7f5
/usr/bin/cmake -E cmake_link_script CMakeFiles/cmTC_2f7f5.dir/link.txt --verbose=1
/usr/bin/cc  -fPIC -fno-semantic-interposition -Werror=date-time -fno-lifetime-dse -Wall -Wextra -Wno-unused-parameter -Wwrite-strings -Wcast-qual -Wno-missing-field-initializers -pedantic -Wno-long-long -Wimplicit-fallthrough -Wno-comment -ffunction-sections -fdata-sections  -O3 -DNDEBUG  -fuse-ld=mold  CMakeFiles/cmTC_2f7f5.dir/HAVE_INOTIFY.c.o -o cmTC_2f7f5  -lm 
gmake[1]: Leaving directory '/home/wo4mei3/micclang/llvm-project/clang/build/CMakeFiles/CMakeTmp'



Determining if the function shm_open exists in the rt passed with the following output:
Change Dir: /home/wo4mei3/micclang/llvm-project/clang/build/CMakeFiles/CMakeTmp

Run Build Command(s):/usr/bin/gmake -f Makefile cmTC_e153c/fast && /usr/bin/gmake  -f CMakeFiles/cmTC_e153c.dir/build.make CMakeFiles/cmTC_e153c.dir/build
gmake[1]: Entering directory '/home/wo4mei3/micclang/llvm-project/clang/build/CMakeFiles/CMakeTmp'
Building C object CMakeFiles/cmTC_e153c.dir/CheckFunctionExists.c.o
/usr/bin/cc -D_GNU_SOURCE  -fPIC -fno-semantic-interposition -Werror=date-time -fno-lifetime-dse -Wall -Wextra -Wno-unused-parameter -Wwrite-strings -Wcast-qual -Wno-missing-field-initializers -pedantic -Wno-long-long -Wimplicit-fallthrough -Wno-comment -ffunction-sections -fdata-sections -DCHECK_FUNCTION_EXISTS=shm_open -O3 -DNDEBUG -o CMakeFiles/cmTC_e153c.dir/CheckFunctionExists.c.o -c /usr/share/cmake-3.22/Modules/CheckFunctionExists.c
Linking C executable cmTC_e153c
/usr/bin/cmake -E cmake_link_script CMakeFiles/cmTC_e153c.dir/link.txt --verbose=1
/usr/bin/cc  -fPIC -fno-semantic-interposition -Werror=date-time -fno-lifetime-dse -Wall -Wextra -Wno-unused-parameter -Wwrite-strings -Wcast-qual -Wno-missing-field-initializers -pedantic -Wno-long-long -Wimplicit-fallthrough -Wno-comment -ffunction-sections -fdata-sections -DCHECK_FUNCTION_EXISTS=shm_open -O3 -DNDEBUG  -fuse-ld=mold  CMakeFiles/cmTC_e153c.dir/CheckFunctionExists.c.o -o cmTC_e153c  -lrt -lm 
gmake[1]: Leaving directory '/home/wo4mei3/micclang/llvm-project/clang/build/CMakeFiles/CMakeTmp'



Performing C++ SOURCE FILE Test HAVE_CXX_FLAG_WALL succeeded with the following output:
Change Dir: /home/wo4mei3/micclang/llvm-project/clang/build/CMakeFiles/CMakeTmp

Run Build Command(s):/usr/bin/gmake -f Makefile cmTC_f6db6/fast && /usr/bin/gmake  -f CMakeFiles/cmTC_f6db6.dir/build.make CMakeFiles/cmTC_f6db6.dir/build
gmake[1]: Entering directory '/home/wo4mei3/micclang/llvm-project/clang/build/CMakeFiles/CMakeTmp'
Building CXX object CMakeFiles/cmTC_f6db6.dir/src.cxx.o
/usr/bin/c++ -DHAVE_CXX_FLAG_WALL  -fPIC -fno-semantic-interposition -fvisibility-inlines-hidden -Werror=date-time -fno-lifetime-dse -Wall -Wextra -Wno-unused-parameter -Wwrite-strings -Wcast-qual -Wno-missing-field-initializers -pedantic -Wno-long-long -Wimplicit-fallthrough -Wno-uninitialized -Wno-nonnull -Wno-class-memaccess -Wno-redundant-move -Wno-pessimizing-move -Wno-noexcept-type -Wdelete-non-virtual-dtor -Wsuggest-override -Wno-comment -Wno-misleading-indentation -Wctad-maybe-unsupported -ffunction-sections -fdata-sections  -Wall -O3 -DNDEBUG   -Wall -std=c++11 -o CMakeFiles/cmTC_f6db6.dir/src.cxx.o -c /home/wo4mei3/micclang/llvm-project/clang/build/CMakeFiles/CMakeTmp/src.cxx
Linking CXX executable cmTC_f6db6
/usr/bin/cmake -E cmake_link_script CMakeFiles/cmTC_f6db6.dir/link.txt --verbose=1
/usr/bin/c++  -fPIC -fno-semantic-interposition -fvisibility-inlines-hidden -Werror=date-time -fno-lifetime-dse -Wall -Wextra -Wno-unused-parameter -Wwrite-strings -Wcast-qual -Wno-missing-field-initializers -pedantic -Wno-long-long -Wimplicit-fallthrough -Wno-uninitialized -Wno-nonnull -Wno-class-memaccess -Wno-redundant-move -Wno-pessimizing-move -Wno-noexcept-type -Wdelete-non-virtual-dtor -Wsuggest-override -Wno-comment -Wno-misleading-indentation -Wctad-maybe-unsupported -ffunction-sections -fdata-sections  -Wall -O3 -DNDEBUG  -fuse-ld=mold  CMakeFiles/cmTC_f6db6.dir/src.cxx.o -o cmTC_f6db6  -lm 
gmake[1]: Leaving directory '/home/wo4mei3/micclang/llvm-project/clang/build/CMakeFiles/CMakeTmp'


Source file was:
int main() { return 0; }
Performing C++ SOURCE FILE Test HAVE_CXX_FLAG_WEXTRA succeeded with the following output:
Change Dir: /home/wo4mei3/micclang/llvm-project/clang/build/CMakeFiles/CMakeTmp

Run Build Command(s):/usr/bin/gmake -f Makefile cmTC_1ad51/fast && /usr/bin/gmake  -f CMakeFiles/cmTC_1ad51.dir/build.make CMakeFiles/cmTC_1ad51.dir/build
gmake[1]: Entering directory '/home/wo4mei3/micclang/llvm-project/clang/build/CMakeFiles/CMakeTmp'
Building CXX object CMakeFiles/cmTC_1ad51.dir/src.cxx.o
/usr/bin/c++ -DHAVE_CXX_FLAG_WEXTRA  -fPIC -fno-semantic-interposition -fvisibility-inlines-hidden -Werror=date-time -fno-lifetime-dse -Wall -Wextra -Wno-unused-parameter -Wwrite-strings -Wcast-qual -Wno-missing-field-initializers -pedantic -Wno-long-long -Wimplicit-fallthrough -Wno-uninitialized -Wno-nonnull -Wno-class-memaccess -Wno-redundant-move -Wno-pessimizing-move -Wno-noexcept-type -Wdelete-non-virtual-dtor -Wsuggest-override -Wno-comment -Wno-misleading-indentation -Wctad-maybe-unsupported -ffunction-sections -fdata-sections  -Wall  -Wextra -O3 -DNDEBUG   -Wextra -std=c++11 -o CMakeFiles/cmTC_1ad51.dir/src.cxx.o -c /home/wo4mei3/micclang/llvm-project/clang/build/CMakeFiles/CMakeTmp/src.cxx
Linking CXX executable cmTC_1ad51
/usr/bin/cmake -E cmake_link_script CMakeFiles/cmTC_1ad51.dir/link.txt --verbose=1
/usr/bin/c++  -fPIC -fno-semantic-interposition -fvisibility-inlines-hidden -Werror=date-time -fno-lifetime-dse -Wall -Wextra -Wno-unused-parameter -Wwrite-strings -Wcast-qual -Wno-missing-field-initializers -pedantic -Wno-long-long -Wimplicit-fallthrough -Wno-uninitialized -Wno-nonnull -Wno-class-memaccess -Wno-redundant-move -Wno-pessimizing-move -Wno-noexcept-type -Wdelete-non-virtual-dtor -Wsuggest-override -Wno-comment -Wno-misleading-indentation -Wctad-maybe-unsupported -ffunction-sections -fdata-sections  -Wall  -Wextra -O3 -DNDEBUG  -fuse-ld=mold  CMakeFiles/cmTC_1ad51.dir/src.cxx.o -o cmTC_1ad51  -lm 
gmake[1]: Leaving directory '/home/wo4mei3/micclang/llvm-project/clang/build/CMakeFiles/CMakeTmp'


Source file was:
int main() { return 0; }
Performing C++ SOURCE FILE Test HAVE_CXX_FLAG_WSHADOW succeeded with the following output:
Change Dir: /home/wo4mei3/micclang/llvm-project/clang/build/CMakeFiles/CMakeTmp

Run Build Command(s):/usr/bin/gmake -f Makefile cmTC_93f56/fast && /usr/bin/gmake  -f CMakeFiles/cmTC_93f56.dir/build.make CMakeFiles/cmTC_93f56.dir/build
gmake[1]: Entering directory '/home/wo4mei3/micclang/llvm-project/clang/build/CMakeFiles/CMakeTmp'
Building CXX object CMakeFiles/cmTC_93f56.dir/src.cxx.o
/usr/bin/c++ -DHAVE_CXX_FLAG_WSHADOW  -fPIC -fno-semantic-interposition -fvisibility-inlines-hidden -Werror=date-time -fno-lifetime-dse -Wall -Wextra -Wno-unused-parameter -Wwrite-strings -Wcast-qual -Wno-missing-field-initializers -pedantic -Wno-long-long -Wimplicit-fallthrough -Wno-uninitialized -Wno-nonnull -Wno-class-memaccess -Wno-redundant-move -Wno-pessimizing-move -Wno-noexcept-type -Wdelete-non-virtual-dtor -Wsuggest-override -Wno-comment -Wno-misleading-indentation -Wctad-maybe-unsupported -ffunction-sections -fdata-sections  -Wall  -Wextra  -Wshadow -O3 -DNDEBUG   -Wshadow -std=c++11 -o CMakeFiles/cmTC_93f56.dir/src.cxx.o -c /home/wo4mei3/micclang/llvm-project/clang/build/CMakeFiles/CMakeTmp/src.cxx
Linking CXX executable cmTC_93f56
/usr/bin/cmake -E cmake_link_script CMakeFiles/cmTC_93f56.dir/link.txt --verbose=1
/usr/bin/c++  -fPIC -fno-semantic-interposition -fvisibility-inlines-hidden -Werror=date-time -fno-lifetime-dse -Wall -Wextra -Wno-unused-parameter -Wwrite-strings -Wcast-qual -Wno-missing-field-initializers -pedantic -Wno-long-long -Wimplicit-fallthrough -Wno-uninitialized -Wno-nonnull -Wno-class-memaccess -Wno-redundant-move -Wno-pessimizing-move -Wno-noexcept-type -Wdelete-non-virtual-dtor -Wsuggest-override -Wno-comment -Wno-misleading-indentation -Wctad-maybe-unsupported -ffunction-sections -fdata-sections  -Wall  -Wextra  -Wshadow -O3 -DNDEBUG  -fuse-ld=mold  CMakeFiles/cmTC_93f56.dir/src.cxx.o -o cmTC_93f56  -lm 
gmake[1]: Leaving directory '/home/wo4mei3/micclang/llvm-project/clang/build/CMakeFiles/CMakeTmp'


Source file was:
int main() { return 0; }
Performing C++ SOURCE FILE Test HAVE_CXX_FLAG_WFLOAT_EQUAL succeeded with the following output:
Change Dir: /home/wo4mei3/micclang/llvm-project/clang/build/CMakeFiles/CMakeTmp

Run Build Command(s):/usr/bin/gmake -f Makefile cmTC_5578f/fast && /usr/bin/gmake  -f CMakeFiles/cmTC_5578f.dir/build.make CMakeFiles/cmTC_5578f.dir/build
gmake[1]: Entering directory '/home/wo4mei3/micclang/llvm-project/clang/build/CMakeFiles/CMakeTmp'
Building CXX object CMakeFiles/cmTC_5578f.dir/src.cxx.o
/usr/bin/c++ -DHAVE_CXX_FLAG_WFLOAT_EQUAL  -fPIC -fno-semantic-interposition -fvisibility-inlines-hidden -Werror=date-time -fno-lifetime-dse -Wall -Wextra -Wno-unused-parameter -Wwrite-strings -Wcast-qual -Wno-missing-field-initializers -pedantic -Wno-long-long -Wimplicit-fallthrough -Wno-uninitialized -Wno-nonnull -Wno-class-memaccess -Wno-redundant-move -Wno-pessimizing-move -Wno-noexcept-type -Wdelete-non-virtual-dtor -Wsuggest-override -Wno-comment -Wno-misleading-indentation -Wctad-maybe-unsupported -ffunction-sections -fdata-sections  -Wall  -Wextra  -Wshadow  -Wfloat-equal -O3 -DNDEBUG   -Wfloat-equal -std=c++11 -o CMakeFiles/cmTC_5578f.dir/src.cxx.o -c /home/wo4mei3/micclang/llvm-project/clang/build/CMakeFiles/CMakeTmp/src.cxx
Linking CXX executable cmTC_5578f
/usr/bin/cmake -E cmake_link_script CMakeFiles/cmTC_5578f.dir/link.txt --verbose=1
/usr/bin/c++  -fPIC -fno-semantic-interposition -fvisibility-inlines-hidden -Werror=date-time -fno-lifetime-dse -Wall -Wextra -Wno-unused-parameter -Wwrite-strings -Wcast-qual -Wno-missing-field-initializers -pedantic -Wno-long-long -Wimplicit-fallthrough -Wno-uninitialized -Wno-nonnull -Wno-class-memaccess -Wno-redundant-move -Wno-pessimizing-move -Wno-noexcept-type -Wdelete-non-virtual-dtor -Wsuggest-override -Wno-comment -Wno-misleading-indentation -Wctad-maybe-unsupported -ffunction-sections -fdata-sections  -Wall  -Wextra  -Wshadow  -Wfloat-equal -O3 -DNDEBUG  -fuse-ld=mold  CMakeFiles/cmTC_5578f.dir/src.cxx.o -o cmTC_5578f  -lm 
gmake[1]: Leaving directory '/home/wo4mei3/micclang/llvm-project/clang/build/CMakeFiles/CMakeTmp'


Source file was:
int main() { return 0; }
Performing C++ SOURCE FILE Test HAVE_CXX_FLAG_WOLD_STYLE_CAST succeeded with the following output:
Change Dir: /home/wo4mei3/micclang/llvm-project/clang/build/CMakeFiles/CMakeTmp

Run Build Command(s):/usr/bin/gmake -f Makefile cmTC_40d6a/fast && /usr/bin/gmake  -f CMakeFiles/cmTC_40d6a.dir/build.make CMakeFiles/cmTC_40d6a.dir/build
gmake[1]: Entering directory '/home/wo4mei3/micclang/llvm-project/clang/build/CMakeFiles/CMakeTmp'
Building CXX object CMakeFiles/cmTC_40d6a.dir/src.cxx.o
/usr/bin/c++ -DHAVE_CXX_FLAG_WOLD_STYLE_CAST  -fPIC -fno-semantic-interposition -fvisibility-inlines-hidden -Werror=date-time -fno-lifetime-dse -Wall -Wextra -Wno-unused-parameter -Wwrite-strings -Wcast-qual -Wno-missing-field-initializers -pedantic -Wno-long-long -Wimplicit-fallthrough -Wno-uninitialized -Wno-nonnull -Wno-class-memaccess -Wno-redundant-move -Wno-pessimizing-move -Wno-noexcept-type -Wdelete-non-virtual-dtor -Wsuggest-override -Wno-comment -Wno-misleading-indentation -Wctad-maybe-unsupported -ffunction-sections -fdata-sections  -Wall  -Wextra  -Wshadow  -Wfloat-equal  -Wold-style-cast -O3 -DNDEBUG   -Wold-style-cast -std=c++11 -o CMakeFiles/cmTC_40d6a.dir/src.cxx.o -c /home/wo4mei3/micclang/llvm-project/clang/build/CMakeFiles/CMakeTmp/src.cxx
Linking CXX executable cmTC_40d6a
/usr/bin/cmake -E cmake_link_script CMakeFiles/cmTC_40d6a.dir/link.txt --verbose=1
/usr/bin/c++  -fPIC -fno-semantic-interposition -fvisibility-inlines-hidden -Werror=date-time -fno-lifetime-dse -Wall -Wextra -Wno-unused-parameter -Wwrite-strings -Wcast-qual -Wno-missing-field-initializers -pedantic -Wno-long-long -Wimplicit-fallthrough -Wno-uninitialized -Wno-nonnull -Wno-class-memaccess -Wno-redundant-move -Wno-pessimizing-move -Wno-noexcept-type -Wdelete-non-virtual-dtor -Wsuggest-override -Wno-comment -Wno-misleading-indentation -Wctad-maybe-unsupported -ffunction-sections -fdata-sections  -Wall  -Wextra  -Wshadow  -Wfloat-equal  -Wold-style-cast -O3 -DNDEBUG  -fuse-ld=mold  CMakeFiles/cmTC_40d6a.dir/src.cxx.o -o cmTC_40d6a  -lm 
gmake[1]: Leaving directory '/home/wo4mei3/micclang/llvm-project/clang/build/CMakeFiles/CMakeTmp'


Source file was:
int main() { return 0; }
Performing C++ SOURCE FILE Test HAVE_CXX_FLAG_WSUGGEST_OVERRIDE succeeded with the following output:
Change Dir: /home/wo4mei3/micclang/llvm-project/clang/build/CMakeFiles/CMakeTmp

Run Build Command(s):/usr/bin/gmake -f Makefile cmTC_f4af9/fast && /usr/bin/gmake  -f CMakeFiles/cmTC_f4af9.dir/build.make CMakeFiles/cmTC_f4af9.dir/build
gmake[1]: Entering directory '/home/wo4mei3/micclang/llvm-project/clang/build/CMakeFiles/CMakeTmp'
Building CXX object CMakeFiles/cmTC_f4af9.dir/src.cxx.o
/usr/bin/c++ -DHAVE_CXX_FLAG_WSUGGEST_OVERRIDE  -fPIC -fno-semantic-interposition -fvisibility-inlines-hidden -Werror=date-time -fno-lifetime-dse -Wall -Wextra -Wno-unused-parameter -Wwrite-strings -Wcast-qual -Wno-missing-field-initializers -pedantic -Wno-long-long -Wimplicit-fallthrough -Wno-uninitialized -Wno-nonnull -Wno-class-memaccess -Wno-redundant-move -Wno-pessimizing-move -Wno-noexcept-type -Wdelete-non-virtual-dtor -Wsuggest-override -Wno-comment -Wno-misleading-indentation -Wctad-maybe-unsupported -ffunction-sections -fdata-sections  -Wall  -Wextra  -Wshadow  -Wfloat-equal  -Wold-style-cast  -Wsuggest-override -O3 -DNDEBUG   -Wsuggest-override -std=c++11 -o CMakeFiles/cmTC_f4af9.dir/src.cxx.o -c /home/wo4mei3/micclang/llvm-project/clang/build/CMakeFiles/CMakeTmp/src.cxx
Linking CXX executable cmTC_f4af9
/usr/bin/cmake -E cmake_link_script CMakeFiles/cmTC_f4af9.dir/link.txt --verbose=1
/usr/bin/c++  -fPIC -fno-semantic-interposition -fvisibility-inlines-hidden -Werror=date-time -fno-lifetime-dse -Wall -Wextra -Wno-unused-parameter -Wwrite-strings -Wcast-qual -Wno-missing-field-initializers -pedantic -Wno-long-long -Wimplicit-fallthrough -Wno-uninitialized -Wno-nonnull -Wno-class-memaccess -Wno-redundant-move -Wno-pessimizing-move -Wno-noexcept-type -Wdelete-non-virtual-dtor -Wsuggest-override -Wno-comment -Wno-misleading-indentation -Wctad-maybe-unsupported -ffunction-sections -fdata-sections  -Wall  -Wextra  -Wshadow  -Wfloat-equal  -Wold-style-cast  -Wsuggest-override -O3 -DNDEBUG  -fuse-ld=mold  CMakeFiles/cmTC_f4af9.dir/src.cxx.o -o cmTC_f4af9  -lm 
gmake[1]: Leaving directory '/home/wo4mei3/micclang/llvm-project/clang/build/CMakeFiles/CMakeTmp'


Source file was:
int main() { return 0; }
Performing C++ SOURCE FILE Test HAVE_CXX_FLAG_PEDANTIC succeeded with the following output:
Change Dir: /home/wo4mei3/micclang/llvm-project/clang/build/CMakeFiles/CMakeTmp

Run Build Command(s):/usr/bin/gmake -f Makefile cmTC_772c4/fast && /usr/bin/gmake  -f CMakeFiles/cmTC_772c4.dir/build.make CMakeFiles/cmTC_772c4.dir/build
gmake[1]: Entering directory '/home/wo4mei3/micclang/llvm-project/clang/build/CMakeFiles/CMakeTmp'
Building CXX object CMakeFiles/cmTC_772c4.dir/src.cxx.o
/usr/bin/c++ -DHAVE_CXX_FLAG_PEDANTIC  -fPIC -fno-semantic-interposition -fvisibility-inlines-hidden -Werror=date-time -fno-lifetime-dse -Wall -Wextra -Wno-unused-parameter -Wwrite-strings -Wcast-qual -Wno-missing-field-initializers -pedantic -Wno-long-long -Wimplicit-fallthrough -Wno-uninitialized -Wno-nonnull -Wno-class-memaccess -Wno-redundant-move -Wno-pessimizing-move -Wno-noexcept-type -Wdelete-non-virtual-dtor -Wsuggest-override -Wno-comment -Wno-misleading-indentation -Wctad-maybe-unsupported -ffunction-sections -fdata-sections  -Wall  -Wextra  -Wshadow  -Wfloat-equal  -Wold-style-cast  -Wsuggest-override  -pedantic -O3 -DNDEBUG   -pedantic -std=c++11 -o CMakeFiles/cmTC_772c4.dir/src.cxx.o -c /home/wo4mei3/micclang/llvm-project/clang/build/CMakeFiles/CMakeTmp/src.cxx
Linking CXX executable cmTC_772c4
/usr/bin/cmake -E cmake_link_script CMakeFiles/cmTC_772c4.dir/link.txt --verbose=1
/usr/bin/c++  -fPIC -fno-semantic-interposition -fvisibility-inlines-hidden -Werror=date-time -fno-lifetime-dse -Wall -Wextra -Wno-unused-parameter -Wwrite-strings -Wcast-qual -Wno-missing-field-initializers -pedantic -Wno-long-long -Wimplicit-fallthrough -Wno-uninitialized -Wno-nonnull -Wno-class-memaccess -Wno-redundant-move -Wno-pessimizing-move -Wno-noexcept-type -Wdelete-non-virtual-dtor -Wsuggest-override -Wno-comment -Wno-misleading-indentation -Wctad-maybe-unsupported -ffunction-sections -fdata-sections  -Wall  -Wextra  -Wshadow  -Wfloat-equal  -Wold-style-cast  -Wsuggest-override  -pedantic -O3 -DNDEBUG  -fuse-ld=mold  CMakeFiles/cmTC_772c4.dir/src.cxx.o -o cmTC_772c4  -lm 
gmake[1]: Leaving directory '/home/wo4mei3/micclang/llvm-project/clang/build/CMakeFiles/CMakeTmp'


Source file was:
int main() { return 0; }
Performing C++ SOURCE FILE Test HAVE_CXX_FLAG_PEDANTIC_ERRORS succeeded with the following output:
Change Dir: /home/wo4mei3/micclang/llvm-project/clang/build/CMakeFiles/CMakeTmp

Run Build Command(s):/usr/bin/gmake -f Makefile cmTC_0ae4c/fast && /usr/bin/gmake  -f CMakeFiles/cmTC_0ae4c.dir/build.make CMakeFiles/cmTC_0ae4c.dir/build
gmake[1]: Entering directory '/home/wo4mei3/micclang/llvm-project/clang/build/CMakeFiles/CMakeTmp'
Building CXX object CMakeFiles/cmTC_0ae4c.dir/src.cxx.o
/usr/bin/c++ -DHAVE_CXX_FLAG_PEDANTIC_ERRORS  -fPIC -fno-semantic-interposition -fvisibility-inlines-hidden -Werror=date-time -fno-lifetime-dse -Wall -Wextra -Wno-unused-parameter -Wwrite-strings -Wcast-qual -Wno-missing-field-initializers -pedantic -Wno-long-long -Wimplicit-fallthrough -Wno-uninitialized -Wno-nonnull -Wno-class-memaccess -Wno-redundant-move -Wno-pessimizing-move -Wno-noexcept-type -Wdelete-non-virtual-dtor -Wsuggest-override -Wno-comment -Wno-misleading-indentation -Wctad-maybe-unsupported -ffunction-sections -fdata-sections  -Wall  -Wextra  -Wshadow  -Wfloat-equal  -Wold-style-cast  -Wsuggest-override  -pedantic  -pedantic-errors -O3 -DNDEBUG   -pedantic-errors -std=c++11 -o CMakeFiles/cmTC_0ae4c.dir/src.cxx.o -c /home/wo4mei3/micclang/llvm-project/clang/build/CMakeFiles/CMakeTmp/src.cxx
Linking CXX executable cmTC_0ae4c
/usr/bin/cmake -E cmake_link_script CMakeFiles/cmTC_0ae4c.dir/link.txt --verbose=1
/usr/bin/c++  -fPIC -fno-semantic-interposition -fvisibility-inlines-hidden -Werror=date-time -fno-lifetime-dse -Wall -Wextra -Wno-unused-parameter -Wwrite-strings -Wcast-qual -Wno-missing-field-initializers -pedantic -Wno-long-long -Wimplicit-fallthrough -Wno-uninitialized -Wno-nonnull -Wno-class-memaccess -Wno-redundant-move -Wno-pessimizing-move -Wno-noexcept-type -Wdelete-non-virtual-dtor -Wsuggest-override -Wno-comment -Wno-misleading-indentation -Wctad-maybe-unsupported -ffunction-sections -fdata-sections  -Wall  -Wextra  -Wshadow  -Wfloat-equal  -Wold-style-cast  -Wsuggest-override  -pedantic  -pedantic-errors -O3 -DNDEBUG  -fuse-ld=mold  CMakeFiles/cmTC_0ae4c.dir/src.cxx.o -o cmTC_0ae4c  -lm 
gmake[1]: Leaving directory '/home/wo4mei3/micclang/llvm-project/clang/build/CMakeFiles/CMakeTmp'


Source file was:
int main() { return 0; }
Performing C++ SOURCE FILE Test HAVE_CXX_FLAG_FSTRICT_ALIASING succeeded with the following output:
Change Dir: /home/wo4mei3/micclang/llvm-project/clang/build/CMakeFiles/CMakeTmp

Run Build Command(s):/usr/bin/gmake -f Makefile cmTC_2f6ac/fast && /usr/bin/gmake  -f CMakeFiles/cmTC_2f6ac.dir/build.make CMakeFiles/cmTC_2f6ac.dir/build
gmake[1]: Entering directory '/home/wo4mei3/micclang/llvm-project/clang/build/CMakeFiles/CMakeTmp'
Building CXX object CMakeFiles/cmTC_2f6ac.dir/src.cxx.o
/usr/bin/c++ -DHAVE_CXX_FLAG_FSTRICT_ALIASING  -fPIC -fno-semantic-interposition -fvisibility-inlines-hidden -Werror=date-time -fno-lifetime-dse -Wall -Wextra -Wno-unused-parameter -Wwrite-strings -Wcast-qual -Wno-missing-field-initializers -pedantic -Wno-long-long -Wimplicit-fallthrough -Wno-uninitialized -Wno-nonnull -Wno-class-memaccess -Wno-redundant-move -Wno-pessimizing-move -Wno-noexcept-type -Wdelete-non-virtual-dtor -Wsuggest-override -Wno-comment -Wno-misleading-indentation -Wctad-maybe-unsupported -ffunction-sections -fdata-sections  -Wall  -Wextra  -Wshadow  -Wfloat-equal  -Wold-style-cast  -Wsuggest-override  -pedantic  -pedantic-errors  -fstrict-aliasing -O3 -DNDEBUG   -fstrict-aliasing -std=c++11 -o CMakeFiles/cmTC_2f6ac.dir/src.cxx.o -c /home/wo4mei3/micclang/llvm-project/clang/build/CMakeFiles/CMakeTmp/src.cxx
Linking CXX executable cmTC_2f6ac
/usr/bin/cmake -E cmake_link_script CMakeFiles/cmTC_2f6ac.dir/link.txt --verbose=1
/usr/bin/c++  -fPIC -fno-semantic-interposition -fvisibility-inlines-hidden -Werror=date-time -fno-lifetime-dse -Wall -Wextra -Wno-unused-parameter -Wwrite-strings -Wcast-qual -Wno-missing-field-initializers -pedantic -Wno-long-long -Wimplicit-fallthrough -Wno-uninitialized -Wno-nonnull -Wno-class-memaccess -Wno-redundant-move -Wno-pessimizing-move -Wno-noexcept-type -Wdelete-non-virtual-dtor -Wsuggest-override -Wno-comment -Wno-misleading-indentation -Wctad-maybe-unsupported -ffunction-sections -fdata-sections  -Wall  -Wextra  -Wshadow  -Wfloat-equal  -Wold-style-cast  -Wsuggest-override  -pedantic  -pedantic-errors  -fstrict-aliasing -O3 -DNDEBUG  -fuse-ld=mold  CMakeFiles/cmTC_2f6ac.dir/src.cxx.o -o cmTC_2f6ac  -lm 
gmake[1]: Leaving directory '/home/wo4mei3/micclang/llvm-project/clang/build/CMakeFiles/CMakeTmp'


Source file was:
int main() { return 0; }
Performing C++ SOURCE FILE Test HAVE_CXX_FLAG_WNO_DEPRECATED_DECLARATIONS succeeded with the following output:
Change Dir: /home/wo4mei3/micclang/llvm-project/clang/build/CMakeFiles/CMakeTmp

Run Build Command(s):/usr/bin/gmake -f Makefile cmTC_5651c/fast && /usr/bin/gmake  -f CMakeFiles/cmTC_5651c.dir/build.make CMakeFiles/cmTC_5651c.dir/build
gmake[1]: Entering directory '/home/wo4mei3/micclang/llvm-project/clang/build/CMakeFiles/CMakeTmp'
Building CXX object CMakeFiles/cmTC_5651c.dir/src.cxx.o
/usr/bin/c++ -DHAVE_CXX_FLAG_WNO_DEPRECATED_DECLARATIONS  -fPIC -fno-semantic-interposition -fvisibility-inlines-hidden -Werror=date-time -fno-lifetime-dse -Wall -Wextra -Wno-unused-parameter -Wwrite-strings -Wcast-qual -Wno-missing-field-initializers -pedantic -Wno-long-long -Wimplicit-fallthrough -Wno-uninitialized -Wno-nonnull -Wno-class-memaccess -Wno-redundant-move -Wno-pessimizing-move -Wno-noexcept-type -Wdelete-non-virtual-dtor -Wsuggest-override -Wno-comment -Wno-misleading-indentation -Wctad-maybe-unsupported -ffunction-sections -fdata-sections  -Wall  -Wextra  -Wshadow  -Wfloat-equal  -Wold-style-cast  -Wsuggest-override  -pedantic  -pedantic-errors  -fstrict-aliasing  -Wno-deprecated-declarations -O3 -DNDEBUG   -Wno-deprecated-declarations -std=c++11 -o CMakeFiles/cmTC_5651c.dir/src.cxx.o -c /home/wo4mei3/micclang/llvm-project/clang/build/CMakeFiles/CMakeTmp/src.cxx
Linking CXX executable cmTC_5651c
/usr/bin/cmake -E cmake_link_script CMakeFiles/cmTC_5651c.dir/link.txt --verbose=1
/usr/bin/c++  -fPIC -fno-semantic-interposition -fvisibility-inlines-hidden -Werror=date-time -fno-lifetime-dse -Wall -Wextra -Wno-unused-parameter -Wwrite-strings -Wcast-qual -Wno-missing-field-initializers -pedantic -Wno-long-long -Wimplicit-fallthrough -Wno-uninitialized -Wno-nonnull -Wno-class-memaccess -Wno-redundant-move -Wno-pessimizing-move -Wno-noexcept-type -Wdelete-non-virtual-dtor -Wsuggest-override -Wno-comment -Wno-misleading-indentation -Wctad-maybe-unsupported -ffunction-sections -fdata-sections  -Wall  -Wextra  -Wshadow  -Wfloat-equal  -Wold-style-cast  -Wsuggest-override  -pedantic  -pedantic-errors  -fstrict-aliasing  -Wno-deprecated-declarations -O3 -DNDEBUG  -fuse-ld=mold  CMakeFiles/cmTC_5651c.dir/src.cxx.o -o cmTC_5651c  -lm 
gmake[1]: Leaving directory '/home/wo4mei3/micclang/llvm-project/clang/build/CMakeFiles/CMakeTmp'


Source file was:
int main() { return 0; }
Performing C++ SOURCE FILE Test HAVE_CXX_FLAG_FNO_EXCEPTIONS succeeded with the following output:
Change Dir: /home/wo4mei3/micclang/llvm-project/clang/build/CMakeFiles/CMakeTmp

Run Build Command(s):/usr/bin/gmake -f Makefile cmTC_3b48b/fast && /usr/bin/gmake  -f CMakeFiles/cmTC_3b48b.dir/build.make CMakeFiles/cmTC_3b48b.dir/build
gmake[1]: Entering directory '/home/wo4mei3/micclang/llvm-project/clang/build/CMakeFiles/CMakeTmp'
Building CXX object CMakeFiles/cmTC_3b48b.dir/src.cxx.o
/usr/bin/c++ -DHAVE_CXX_FLAG_FNO_EXCEPTIONS  -fPIC -fno-semantic-interposition -fvisibility-inlines-hidden -Werror=date-time -fno-lifetime-dse -Wall -Wextra -Wno-unused-parameter -Wwrite-strings -Wcast-qual -Wno-missing-field-initializers -pedantic -Wno-long-long -Wimplicit-fallthrough -Wno-uninitialized -Wno-nonnull -Wno-class-memaccess -Wno-redundant-move -Wno-pessimizing-move -Wno-noexcept-type -Wdelete-non-virtual-dtor -Wsuggest-override -Wno-comment -Wno-misleading-indentation -Wctad-maybe-unsupported -ffunction-sections -fdata-sections  -Wall  -Wextra  -Wshadow  -Wfloat-equal  -Wold-style-cast  -Wsuggest-override  -pedantic  -pedantic-errors  -fstrict-aliasing  -Wno-deprecated-declarations  -fno-exceptions -O3 -DNDEBUG   -fno-exceptions -std=c++11 -o CMakeFiles/cmTC_3b48b.dir/src.cxx.o -c /home/wo4mei3/micclang/llvm-project/clang/build/CMakeFiles/CMakeTmp/src.cxx
Linking CXX executable cmTC_3b48b
/usr/bin/cmake -E cmake_link_script CMakeFiles/cmTC_3b48b.dir/link.txt --verbose=1
/usr/bin/c++  -fPIC -fno-semantic-interposition -fvisibility-inlines-hidden -Werror=date-time -fno-lifetime-dse -Wall -Wextra -Wno-unused-parameter -Wwrite-strings -Wcast-qual -Wno-missing-field-initializers -pedantic -Wno-long-long -Wimplicit-fallthrough -Wno-uninitialized -Wno-nonnull -Wno-class-memaccess -Wno-redundant-move -Wno-pessimizing-move -Wno-noexcept-type -Wdelete-non-virtual-dtor -Wsuggest-override -Wno-comment -Wno-misleading-indentation -Wctad-maybe-unsupported -ffunction-sections -fdata-sections  -Wall  -Wextra  -Wshadow  -Wfloat-equal  -Wold-style-cast  -Wsuggest-override  -pedantic  -pedantic-errors  -fstrict-aliasing  -Wno-deprecated-declarations  -fno-exceptions -O3 -DNDEBUG  -fuse-ld=mold  CMakeFiles/cmTC_3b48b.dir/src.cxx.o -o cmTC_3b48b  -lm 
gmake[1]: Leaving directory '/home/wo4mei3/micclang/llvm-project/clang/build/CMakeFiles/CMakeTmp'


Source file was:
int main() { return 0; }
Performing C++ SOURCE FILE Test HAVE_CXX_FLAG_WSTRICT_ALIASING succeeded with the following output:
Change Dir: /home/wo4mei3/micclang/llvm-project/clang/build/CMakeFiles/CMakeTmp

Run Build Command(s):/usr/bin/gmake -f Makefile cmTC_28dde/fast && /usr/bin/gmake  -f CMakeFiles/cmTC_28dde.dir/build.make CMakeFiles/cmTC_28dde.dir/build
gmake[1]: Entering directory '/home/wo4mei3/micclang/llvm-project/clang/build/CMakeFiles/CMakeTmp'
Building CXX object CMakeFiles/cmTC_28dde.dir/src.cxx.o
/usr/bin/c++ -DHAVE_CXX_FLAG_WSTRICT_ALIASING  -fPIC -fno-semantic-interposition -fvisibility-inlines-hidden -Werror=date-time -fno-lifetime-dse -Wall -Wextra -Wno-unused-parameter -Wwrite-strings -Wcast-qual -Wno-missing-field-initializers -pedantic -Wno-long-long -Wimplicit-fallthrough -Wno-uninitialized -Wno-nonnull -Wno-class-memaccess -Wno-redundant-move -Wno-pessimizing-move -Wno-noexcept-type -Wdelete-non-virtual-dtor -Wsuggest-override -Wno-comment -Wno-misleading-indentation -Wctad-maybe-unsupported -ffunction-sections -fdata-sections  -Wall  -Wextra  -Wshadow  -Wfloat-equal  -Wold-style-cast  -Wsuggest-override  -pedantic  -pedantic-errors  -fstrict-aliasing  -Wno-deprecated-declarations  -fno-exceptions  -Wstrict-aliasing -O3 -DNDEBUG   -Wstrict-aliasing -std=c++11 -o CMakeFiles/cmTC_28dde.dir/src.cxx.o -c /home/wo4mei3/micclang/llvm-project/clang/build/CMakeFiles/CMakeTmp/src.cxx
Linking CXX executable cmTC_28dde
/usr/bin/cmake -E cmake_link_script CMakeFiles/cmTC_28dde.dir/link.txt --verbose=1
/usr/bin/c++  -fPIC -fno-semantic-interposition -fvisibility-inlines-hidden -Werror=date-time -fno-lifetime-dse -Wall -Wextra -Wno-unused-parameter -Wwrite-strings -Wcast-qual -Wno-missing-field-initializers -pedantic -Wno-long-long -Wimplicit-fallthrough -Wno-uninitialized -Wno-nonnull -Wno-class-memaccess -Wno-redundant-move -Wno-pessimizing-move -Wno-noexcept-type -Wdelete-non-virtual-dtor -Wsuggest-override -Wno-comment -Wno-misleading-indentation -Wctad-maybe-unsupported -ffunction-sections -fdata-sections  -Wall  -Wextra  -Wshadow  -Wfloat-equal  -Wold-style-cast  -Wsuggest-override  -pedantic  -pedantic-errors  -fstrict-aliasing  -Wno-deprecated-declarations  -fno-exceptions  -Wstrict-aliasing -O3 -DNDEBUG  -fuse-ld=mold  CMakeFiles/cmTC_28dde.dir/src.cxx.o -o cmTC_28dde  -lm 
gmake[1]: Leaving directory '/home/wo4mei3/micclang/llvm-project/clang/build/CMakeFiles/CMakeTmp'


Source file was:
int main() { return 0; }
Performing C++ SOURCE FILE Test HAVE_CXX_FLAG_COVERAGE succeeded with the following output:
Change Dir: /home/wo4mei3/micclang/llvm-project/clang/build/CMakeFiles/CMakeTmp

Run Build Command(s):/usr/bin/gmake -f Makefile cmTC_eada4/fast && /usr/bin/gmake  -f CMakeFiles/cmTC_eada4.dir/build.make CMakeFiles/cmTC_eada4.dir/build
gmake[1]: Entering directory '/home/wo4mei3/micclang/llvm-project/clang/build/CMakeFiles/CMakeTmp'
Building CXX object CMakeFiles/cmTC_eada4.dir/src.cxx.o
/usr/bin/c++ -DHAVE_CXX_FLAG_COVERAGE  -fPIC -fno-semantic-interposition -fvisibility-inlines-hidden -Werror=date-time -fno-lifetime-dse -Wall -Wextra -Wno-unused-parameter -Wwrite-strings -Wcast-qual -Wno-missing-field-initializers -pedantic -Wno-long-long -Wimplicit-fallthrough -Wno-uninitialized -Wno-nonnull -Wno-class-memaccess -Wno-redundant-move -Wno-pessimizing-move -Wno-noexcept-type -Wdelete-non-virtual-dtor -Wsuggest-override -Wno-comment -Wno-misleading-indentation -Wctad-maybe-unsupported -ffunction-sections -fdata-sections  -Wall  -Wextra  -Wshadow  -Wfloat-equal  -Wold-style-cast  -Wsuggest-override  -pedantic  -pedantic-errors  -fstrict-aliasing  -Wno-deprecated-declarations  -fno-exceptions  -Wstrict-aliasing  --coverage -O3 -DNDEBUG   --coverage -std=c++11 -o CMakeFiles/cmTC_eada4.dir/src.cxx.o -c /home/wo4mei3/micclang/llvm-project/clang/build/CMakeFiles/CMakeTmp/src.cxx
Linking CXX executable cmTC_eada4
/usr/bin/cmake -E cmake_link_script CMakeFiles/cmTC_eada4.dir/link.txt --verbose=1
/usr/bin/c++  -fPIC -fno-semantic-interposition -fvisibility-inlines-hidden -Werror=date-time -fno-lifetime-dse -Wall -Wextra -Wno-unused-parameter -Wwrite-strings -Wcast-qual -Wno-missing-field-initializers -pedantic -Wno-long-long -Wimplicit-fallthrough -Wno-uninitialized -Wno-nonnull -Wno-class-memaccess -Wno-redundant-move -Wno-pessimizing-move -Wno-noexcept-type -Wdelete-non-virtual-dtor -Wsuggest-override -Wno-comment -Wno-misleading-indentation -Wctad-maybe-unsupported -ffunction-sections -fdata-sections  -Wall  -Wextra  -Wshadow  -Wfloat-equal  -Wold-style-cast  -Wsuggest-override  -pedantic  -pedantic-errors  -fstrict-aliasing  -Wno-deprecated-declarations  -fno-exceptions  -Wstrict-aliasing  --coverage -O3 -DNDEBUG  -fuse-ld=mold  CMakeFiles/cmTC_eada4.dir/src.cxx.o -o cmTC_eada4  -lm 
gmake[1]: Leaving directory '/home/wo4mei3/micclang/llvm-project/clang/build/CMakeFiles/CMakeTmp'


Source file was:
int main() { return 0; }
